B001,1.0
B002,1.0
B003,1.0
B006,1.0
B007,0.5
B007-01,1.0
B008,1.0
B008-03,0.5
B012,1.0
B012-02,1.0
B012-03,1.0
B016,0.0
B016-01,1.0
B016-02,1.0
B017,1.0
B018-01,1.0
B018-ZN01,0.5
B018-ZN02,1.0
B018-ZN03,1.0
B018-ZN04,1.0
B019,0.0
B021,0.0
B022,1.0
B023,1.0
B024,1.0
B025,0.0
B025-01,1.0
B026,0.0
B027,1.0
B028-01,1.0
B028-03,1.0
B028-G01,1.0
B028-ZN01,0.5
B028-ZN02,0.0
B029-ZN01,1.0
B029-ZN02,1.0
B029-ZN03,0.0
B029-ZN04,0.5
B029-ZN05,0.0
B029-ZN06,0.0
B031,1.0
B032-01,1.0
B032-02,1.0
B032-ZN01,0.0
B032-ZN02,1.0
B032-ZN03,1.0
B033,1.0
B035,1.0
B036,1.0
B037,1.0
B038,0.0
B040-02,1.0
B040-03,1.0
B041,1.0
B042,0.0
B043,1.0
B044,1.0
B045,1.0
B049,1.0
B050,1.0
B051,1.0
B052,1.0
B052-01,1.0
B052-02,0.5
B052-03,1.0
B054-01,1.0
B054-ZN01,1.0
B054-ZN02,1.0
B054-ZN03,1.0
B055,0.0
B056,0.0
B057-03,1.0
B057-04,1.0
B057-05,0.0
B057-06,1.0
B057-G01,1.0
B057-ZN01,1.0
B057-ZN02,1.0
B057-ZN03,1.0
B057-ZN04,1.0
B057-ZN05,0.0
B057-ZN06,1.0
B057-ZN07,0.0
B058-01,1.0
B058-ZN01,1.0
B058-ZN02,0.0
B058-ZN03,1.0
B058-ZN04,0.5
B058-ZN05,1.0
B058-ZN06,1.0
B060,1.0
B060-01,1.0
B061,1.0
B062,1.0
B063,1.0
B065-ZN01,1.0
B065-ZN02,0.5
B065-ZN03,1.0
B065-ZN04,1.0
B065-ZN05,1.0
B065-ZN06,1.0
B065-ZN07,1.0
B065-ZN08,0.0
B065-ZN09,1.0
B065-ZN10,1.0
B066,0.0
B066-01,1.0
B066-02,1.0
B068-01,1.0
B073-02,1.0
B073-02D,1.0
B073-07,1.0
B073-09,1.0
B073-10,1.0
B073-20,1.0
B073-ZN01,1.0
B073-ZN02,1.0
B073-ZN03,1.0
B073-ZN04,1.0
B073-ZN05,1.0
B073-ZN06,1.0
B073-ZN07,1.0
B073-ZN08,1.0
B073-ZN09,1.0
B073-ZN10,1.0
B073-ZN11,1.0
B073-ZN12,0.5
B073-ZN13,1.0
B073-ZN14,1.0
B073-ZN15,1.0
B073-ZN16,1.0
B073-ZN17,1.0
B073-ZN18,1.0
B073-ZN19,1.0
B073-ZN20,1.0
B073-ZN21,1.0
B073-ZN22,1.0
B073-ZN23,1.0
B073-ZN24,1.0
B073-ZN25,1.0
B073-ZN26,1.0
B073-ZN27,1.0
B073-ZN28,0.0
B073-ZN29,1.0
B077,1.0
B077-01,1.0
B078,0.0
B079,1.0
B080,1.0
B080-01,1.0
B080B,1.0
B082-01B,1.0
B082-02,1.0
B082-ZN01,1.0
B082-ZN02,1.0
B082-ZN03,1.0
B082-ZN04,0.0
B082-ZN05,1.0
B087,0.5
B087-01,1.0
B088,0.5
B088-02,1.0
B088-03,1.0
B089,1.0
B090,0.0
B092,0.5
B093,1.0
B094,1.0
B095,1.0
B096,1.0
B097,1.0
B098,1.0
B099,1.0
B100-01,0.0
B100-02,1.0
B102,1.0
B103,1.0
B105,1.0
B106A,1.0
B106B,1.0
B107,1.0
B109,1.0
B110,1.0
B111,1.0
B111A,1.0
B113A,1.0
B113B,1.0
B113C,1.0
B113D,1.0
B113E,1.0
B114,1.0
B114-01,1.0
B116,1.0
B118A,1.0
B118B,1.0
B121,1.0
B123,1.0
B124,1.0
B125-01,1.0
B126-01,1.0
B126-ZN01,1.0
B126-ZN02,1.0
B126-ZN03,1.0
B126-ZN04,1.0
B126-ZN05,1.0
B126-ZN06,1.0
B126-ZN07,1.0
B126A,1.0
B127,1.0
B128,1.0
B129-01,1.0
B129-ZN01,0.0
B129-ZN02,0.5
B130,0.5
B131,1.0
B132,1.0
B135,1.0
B137,1.0
B139,1.0
B140,1.0
B141,1.0
B142,1.0
B144,1.0
B145,1.0
B146,0.0
B147,1.0
B148,1.0
B149A,1.0
B149B,1.0
B150,1.0
B151,1.0
B152,1.0
B153,0.0
B154,0.0
B155,1.0
B156,1.0
B157,1.0
B158,1.0
B159,1.0
B159-01,1.0
B160,1.0
B161,0.0
B162,1.0
B163,1.0
B164,0.0
B166B,0.5
B166C-ZN01,0.0
B166C-ZN02,1.0
B166D,1.0
B166D-01,1.0
B166E,1.0
B167,1.0
B167A,1.0
B168,1.0
B169-ZN01A,1.0
B169-ZN01B,1.0
B169-ZN02A,1.0
B169-ZN02B,0.0
B169-ZN03A,1.0
B169-ZN03B,1.0
B169-ZN04A,1.0
B169-ZN04B,1.0
B169-ZN05A,1.0
B169-ZN05B,1.0
B169-ZN06A,1.0
B169-ZN06B,1.0
B169-ZN07A,1.0
B169-ZN07B,1.0
B169-ZN07C,1.0
B169A,1.0
B169B,1.0
B171,1.0
B172,1.0
B173,1.0
B175,1.0
B178,1.0
B179,1.0
B180,1.0
B182,1.0
B184,1.0
B190,1.0
B192,1.0
B192A,1.0
B193,0.0
B194,1.0
B196,1.0
B197,0.5
B200,1.0
B202,1.0
B205,1.0
B206,1.0
B207,1.0
B208,1.0
B209,1.0
B210A,1.0
B210B,0.0
B210C,1.0
B210F,1.0
B210G,1.0
B210H,1.0
B210I,0.0
B210J,1.0
B210P,1.0
B210Q,1.0
B210W,1.0
B211,1.0
B212,1.0
B213,1.0
B214-01,1.0
B214-02,1.0
B215,1.0
B216,1.0
B217,0.0
B218,0.0
B219,0.0
B220,1.0
B221,1.0
B222,1.0
B223A,1.0
B223B,1.0
B223DA,1.0
B223DK,1.0
B223E,1.0
B223F,1.0
B223G,1.0
B223H,1.0
B223I,1.0
B223IA,1.0
B223IB,1.0
B223JA,1.0
B223JB,1.0
B223JC,1.0
B223K,1.0
B223MA,1.0
B223NA,1.0
B223NB,1.0
B223NC,1.0
B223OB,0.0
B223OC,0.0
B223PA,1.0
B223PB,1.0
B223PC,1.0
B223PD,1.0
B223PE,1.0
B223QA,1.0
B223QB,1.0
B223QC,1.0
B223R,1.0
B223S,1.0
B223T,1.0
B223U,1.0
B224,1.0
B225,1.0
B226,1.0
B227,1.0
B228,0.5
B229,1.0
B230,1.0
B232,1.0
B233,1.0
B234,1.0
B235,1.0
B236,1.0
B237,1.0
B239,1.0
B240,1.0
B242,1.0
B243,1.0
B244,1.0
B245,1.0
B245-02,1.0
B246,1.0
B247,1.0
B247-01,1.0
B248,0.0
B249,1.0
B250,1.0
B251-04,1.0
B251-08,1.0
B251-ZN01,1.0
B251-ZN02,0.5
B251-ZN03,1.0
B252,1.0
B253,0.5
B254,0.5
B255C,1.0
B255D,1.0
B255E,1.0
B255F,1.0
B255G,0.0
B255H,1.0
B255I,1.0
B255J,1.0
B255K,1.0
B255L,1.0
B255M,1.0
B255N,1.0
B255O,1.0
B255P,1.0
B257,0.0
B258,1.0
B259,1.0
B260,1.0
B261,1.0
B262,1.0
B263,0.5
B264,1.0
B265,1.0
B266,1.0
B267,1.0
B268,0.5
B269,0.0
B270,1.0
B271,1.0
B272,0.5
B273,1.0
B274,0.0
B276,1.0
B277,0.0
B278,1.0
B279,0.5
B282,1.0
B283,1.0
B284,1.0
B285,1.0
B286,1.0
B287,1.0
B288,1.0
B289,1.0
B290,1.0
B291,0.5
B292,1.0
B293,1.0
B294,1.0
B295,1.0
B296,1.0
B297,0.0
B298,1.0
B300,1.0
B301,1.0
B302,0.0
B304,1.0
B306,1.0
B307,0.0
B308,1.0
B309,1.0
B310,0.0
B311,1.0
B312,0.0
B313,1.0
B315,1.0
B316,1.0
B317,1.0
B320,1.0
B321,1.0
B322,0.0
B323,1.0
B324,0.0
B325,1.0
B326,1.0
B329,1.0
B329-01,1.0
B330,0.5
B331,1.0
B332,1.0
B334,0.0
B335,1.0
B337,1.0
B338,1.0
B339,1.0
B340,1.0
B342,1.0
B343,1.0
B345,1.0
B346,1.0
B347,1.0
B348,1.0
B349,1.0
B350,0.0
B352,1.0
B353,1.0
B356,1.0
B357,1.0
B358,1.0
B359,1.0
B360,1.0
B361,1.0
B362,1.0
B363,1.0
B364,1.0
B366,1.0
B367,0.5
B372,1.0
B375,0.0
B376,1.0
B377,1.0
B378,1.0
B379,1.0
B380,0.0
B381,1.0
B382A,1.0
B382B,1.0
B384,0.5
B386,1.0
B387,1.0
B388,1.0
B389,1.0
B390,1.0
B391,1.0
B392,1.0
B395,1.0
B396,0.0
B397,0.0
B401,1.0
B402,1.0
B403,1.0
B404,1.0
B405,0.0
B406_temp,1.0
B407,1.0
B418,1.0
B419,0.0
B429,1.0
B430,1.0
B431-01,1.0
B432,1.0
B536,1.0
B537,1.0
BR-01,1.0
BR-02,1.0
BR-03,1.0
BR-04,1.0
BR-05,1.0
BR-06,0.5
BR-07,1.0
BR-08,1.0
BT01,1.0
BT02,1.0
BT03,0.0
BT04,1.0
BT05,0.0
BT06,0.0
BT07,1.0
BT08,1.0
BZ01,1.0
BZ04,1.0
BZ05,0.5
BZ06,1.0
BZ07,1.0
BZ08,1.0
BZ10,1.0
BZ100,1.0
BZ102,1.0
BZ103,1.0
BZ104,0.5
BZ105,1.0
BZ106,1.0
BZ109,1.0
BZ11,1.0
BZ110,1.0
BZ114,1.0
BZ12,1.0
BZ126,1.0
BZ128,1.0
BZ129,1.0
BZ13,1.0
BZ132,1.0
BZ136,1.0
BZ138,1.0
BZ140,1.0
BZ141,0.5
BZ142,1.0
BZ143,1.0
BZ15,1.0
BZ150,1.0
BZ151,1.0
BZ152,1.0
BZ153,1.0
BZ157,1.0
BZ158,1.0
BZ159,1.0
BZ16,1.0
BZ160,1.0
BZ161,1.0
BZ162,1.0
BZ164,1.0
BZ166,1.0
BZ17,1.0
BZ175,-1.0
BZ176,1.0
BZ177,1.0
BZ18,1.0
BZ19,1.0
BZ195,1.0
BZ198,1.0
BZ20,1.0
BZ200,1.0
BZ201,1.0
BZ202,1.0
BZ203,1.0
BZ207,1.0
BZ21,1.0
BZ214,0.0
BZ215,1.0
BZ217,1.0
BZ218,1.0
BZ219,1.0
BZ22,1.0
BZ220,1.0
BZ221,1.0
BZ222,1.0
BZ223,1.0
BZ224,1.0
BZ227,1.0
BZ228,1.0
BZ23,1.0
BZ230,1.0
BZ232,1.0
BZ233,1.0
BZ235,1.0
BZ236,1.0
BZ237,1.0
BZ238,1.0
BZ239,1.0
BZ24,1.0
BZ240,1.0
BZ241,0.5
BZ242,1.0
BZ243,1.0
BZ244,1.0
BZ245,1.0
BZ246,1.0
BZ247,0.0
BZ248,1.0
BZ25,1.0
BZ250,1.0
BZ251,1.0
BZ253,1.0
BZ254,1.0
BZ255,1.0
BZ256,1.0
BZ257,1.0
BZ258,1.0
BZ259,1.0
BZ26,1.0
BZ260,1.0
BZ261,1.0
BZ262,1.0
BZ263,1.0
BZ264,1.0
BZ265,1.0
BZ268,1.0
BZ269,1.0
BZ27,1.0
BZ270,1.0
BZ272,1.0
BZ273,1.0
BZ274,1.0
BZ275,1.0
BZ276,1.0
BZ278,1.0
BZ279,-1.0
BZ28,1.0
BZ280,1.0
BZ281,1.0
BZ282,1.0
BZ283,1.0
BZ284,1.0
BZ286,1.0
BZ287,1.0
BZ288,1.0
BZ289,1.0
BZ29,1.0
BZ290,1.0
BZ291,1.0
BZ293,1.0
BZ294,1.0
BZ297,1.0
BZ298,1.0
BZ30,1.0
BZ300,1.0
BZ301,1.0
BZ302,1.0
BZ307,1.0
BZ309,1.0
BZ31,1.0
BZ316,1.0
BZ32,1.0
BZ321,1.0
BZ322,1.0
BZ323,1.0
BZ324,1.0
BZ325,1.0
BZ326,1.0
BZ327,1.0
BZ33,1.0
BZ330,1.0
BZ335,1.0
BZ336,0.5
BZ337,1.0
BZ338,1.0
BZ339,1.0
BZ34,1.0
BZ340,1.0
BZ341,1.0
BZ342,1.0
BZ343,1.0
BZ346,1.0
BZ349,1.0
BZ35,1.0
BZ350,1.0
BZ351,1.0
BZ353,1.0
BZ358,1.0
BZ359,1.0
BZ36,1.0
BZ360,1.0
BZ361,1.0
BZ362,1.0
BZ367,1.0
BZ369,1.0
BZ37,1.0
BZ370,1.0
BZ372,1.0
BZ373,1.0
BZ374,0.5
BZ375,1.0
BZ377,1.0
BZ378,1.0
BZ38,1.0
BZ382,1.0
BZ383,1.0
BZ384,1.0
BZ385,1.0
BZ386,1.0
BZ387,1.0
BZ388,1.0
BZ389,1.0
BZ39,1.0
BZ390,1.0
BZ391,1.0
BZ40,1.0
BZ42,1.0
BZ43,1.0
BZ44,1.0
BZ45,1.0
BZ46,1.0
BZ47,1.0
BZ48,1.0
BZ49,1.0
BZ495,1.0
BZ50,1.0
BZ51,1.0
BZ52,1.0
BZ525,1.0
BZ527,1.0
BZ53,1.0
BZ54,1.0
BZ55,1.0
BZ57,1.0
BZ58,1.0
BZ59,1.0
BZ60,1.0
BZ61,1.0
BZ62,1.0
BZ63,1.0
BZ64,1.0
BZ65,1.0
BZ67,1.0
BZ69,1.0
BZ70,1.0
BZ71,0.0
BZ72,1.0
BZ73,1.0
BZ74,1.0
BZ75,1.0
BZ77,1.0
BZ78,1.0
BZ79,1.0
BZ80,1.0
BZ81,1.0
BZ82,1.0
BZ84,1.0
BZ85,1.0
BZ86,1.0
BZ87,1.0
BZ88,1.0
BZ90,1.0
BZ91,1.0
BZ93A,1.0
BZ93B,1.0
BZ96,1.0
BZ97,1.0
BZ98,1.0
BZ99,1.0
M001,1.0
M002,1.0
M003,1.0
M004,0.0
M005-02,1.0
M005-06,1.0
M005-ZN01,1.0
M005-ZN02,1.0
M006,1.0
M007,1.0
M008,1.0
M009,1.0
M010-01,1.0
M010-031,1.0
M010-048,-1.0
M010-059,-1.0
M010-089,1.0
M010-090,-1.0
M010-103,1.0
M010-143,-1.0
M010-145,1.0
M010-151,1.0
M010-164,-1.0
M010-167,1.0
M010-169,-1.0
M010-176,-1.0
M010-187,1.0
M010-188,1.0
M010-193,1.0
M010-195,-1.0
M010-202,1.0
M010-207,1.0
M010-241,1.0
M010-247,1.0
M010-ZN01,1.0
M010-ZN02&4,1.0
M010-ZN03,1.0
M010-ZN05,1.0
M010-ZN06,1.0
M010-ZN07,1.0
M010-ZN08,1.0
M010-ZN09,1.0
M010-ZN10&11,0.5
M010-ZN12&13,1.0
M010-ZN14,1.0
M010-ZN15,1.0
M010-ZN16,1.0
M010-ZN17,1.0
M010-ZN18&19,1.0
M010-ZN20,0.5
M010-ZN21,1.0
M010-ZN24&25,1.0
M010-ZN26,1.0
M010-ZN27,1.0
M010-ZN28,1.0
M010-ZN29,0.0
M010-ZN30,0.0
M010-ZN31,1.0
M010-ZN32,1.0
M010-ZN33,0.0
M010-ZN34,0.5
M010-ZN35,1.0
M010-ZN36,1.0
M010-ZN37,1.0
M010-ZN38,1.0
M010-ZN39,1.0
M010-ZN40,1.0
M010-ZN41,1.0
M010-ZN42&43,1.0
M010-ZN44,0.0
M010-ZN45,1.0
M010-ZN46,0.5
M010-ZN47,1.0
M010-ZN48,1.0
M011,1.0
M012,1.0
M013,1.0
M014,0.0
M014-02,1.0
M014-03,1.0
M015,1.0
M016,1.0
M017,1.0
M018,1.0
M019,0.0
M020,1.0
M021,1.0
M022,1.0
M024,1.0
M025,1.0
M027,1.0
M027-01,1.0
M028-02,1.0
M028-03,1.0
M028-ZN01,1.0
M028-ZN02,0.0
M028-ZN03,1.0
M029-01,1.0
M029-02,0.0
M029-10,1.0
M029-ZN01,1.0
M029-ZN02,0.0
M029-ZN03,1.0
M029-ZN04,1.0
M029-ZN05,1.0
M029-ZN06,1.0
M030,1.0
M030A,1.0
M030B,1.0
M031,0.0
M032,1.0
M033,1.0
M034,1.0
M035,1.0
M036,1.0
M037-01,1.0
M037-03,1.0
M037-04,-1.0
M037-05B,1.0
M037-08,-1.0
M037-09,1.0
M037-10,1.0
M037-11,1.0
M037-ZN01,0.0
M037-ZN02,0.0
M037-ZN03,0.0
M037-ZN04,1.0
M037-ZN05,0.0
M037-ZN06,0.0
M037-ZN07,0.0
M037-ZN08,0.0
M037-ZN09,1.0
M038,1.0
M039-ZN01,1.0
M040,1.0
M041,1.0
M042-01,1.0
M042-02,1.0
M042-03,-1.0
M042-ZN01,1.0
M042-ZN02,0.0
M042-ZN03,1.0
M042-ZN04,1.0
M042-ZN05,1.0
M042-ZN06,0.0
M042-ZN07,1.0
M042-ZN08,0.5
M043-ZN01,1.0
M043-ZN02,0.0
M044,1.0
M045,0.0
M046,1.0
M047,0.5
M047-01,0.5
M047-03,1.0
M051,1.0
M052,1.0
M052-02,1.0
M053,1.0
M054,1.0
M055,1.0
M056-01,1.0
M056-02,1.0
M056-03,1.0
M056-04,1.0
M056-ZN01,0.5
M056-ZN02,0.0
M056-ZN03,0.5
M056-ZN04,1.0
M056-ZN05,1.0
M058-01,1.0
M058-06,1.0
M058-07,1.0
M058-ZN01,1.0
M058-ZN02,1.0
M058-ZN03,0.0
M059,1.0
M062,1.0
M064,1.0
M065,1.0
M066,0.0
M067,1.0
M069,1.0
M070,1.0
M071-02,1.0
M071-03,1.0
M071-04,1.0
M071-08,1.0
M071-13,1.0
M071-16,1.0
M071-31,1.0
M071-34,1.0
M071-36,1.0
M071-37,1.0
M071-38,0.0
M071-ZN01,1.0
M071-ZN02,1.0
M071-ZN03,0.0
M071-ZN04,1.0
M071-ZN05,1.0
M071-ZN06,1.0
M071-ZN07,1.0
M071-ZN08,1.0
M071-ZN09,1.0
M071-ZN10,1.0
M071-ZN11,1.0
M071-ZN12,1.0
M071-ZN13,1.0
M071-ZN14,1.0
M071-ZN15,0.0
M071-ZN16,1.0
M071-ZN17,0.0
M071-ZN18,1.0
M071-ZN19,1.0
M071-ZN20,1.0
M071-ZN21,1.0
M071-ZN22,1.0
M071-ZN23,1.0
M071-ZN24,1.0
M071-ZN25,0.5
M071-ZN30,1.0
M071-ZN31,1.0
M071-ZN32,1.0
M072-01,1.0
M072-03,1.0
M072-ZN26,1.0
M072-ZN27,0.5
M072-ZN28,1.0
M072-ZN29,1.0
M076,1.0
M077-02,1.0
M077-03,1.0
M077-04,1.0
M077-ZN01,1.0
M077-ZN02,1.0
M077-ZN03,1.0
M077-ZN04,0.0
M079,0.5
M080,1.0
M081-02,1.0
M081-ZN01,1.0
M081-ZN02,1.0
M082,1.0
M083,1.0
M085,1.0
M086,1.0
M087,1.0
M088,1.0
M088-01,1.0
M088-03,1.0
M089,1.0
M089-01,-1.0
M090,1.0
M093,1.0
M095-ZN01,1.0
M095-ZN02,1.0
M095-ZN03,1.0
M095-ZN04,1.0
M095-ZN05,1.0
M095-ZN06,1.0
M095-ZN07,0.0
M095-ZN08,1.0
M097,0.0
M098-01,1.0
M098-02,1.0
M098-ZN01,1.0
M098-ZN02,1.0
M099,0.0
M099-01,0.0
M100,1.0
M101,1.0
M104-ZN01,1.0
M104-ZN02,0.0
M104-ZN03,1.0
M104-ZN04,1.0
M105,0.0
M105-01,1.0
M105-02,1.0
M105-04,-1.0
M105-08,1.0
M107-01,1.0
M107-ZN05,0.5
M107-ZN06,1.0
M107-ZN07,1.0
M107-ZN08,0.0
M108F,0.0
M108G,0.0
M108H,1.0
M108L,1.0
M108N,1.0
M108P-03,1.0
M108P-04,0.0
M108P-05,1.0
M108P-06,1.0
M108P-07,1.0
M108Q,1.0
M108Q1-01,1.0
M108T,1.0
M108T01,0.5
M110,1.0
M111,0.5
M113,1.0
M116,1.0
M120A,1.0
M120B,1.0
M122,1.0
M124,1.0
M125A,1.0
M125B,1.0
M125C,1.0
M125D,1.0
M125E,1.0
M127,1.0
M132,1.0
M138,0.0
M140-01,1.0
M141,1.0
M144-01,1.0
M144-ZN01,1.0
M144-ZN02,1.0
M144-ZN03,1.0
M144-ZN04,1.0
M144-ZN05,0.5
M144-ZN06,1.0
M145,1.0
M148,0.0
M154,1.0
M155,1.0
M156,1.0
M158,1.0
M159,1.0
M160,1.0
M161,1.0
M164,-1.0
M165,1.0
M166,1.0
M169,1.0
M170,1.0
M171,1.0
M172,1.0
M177,-1.0
M180,1.0
M183,1.0
M184,0.0
M186,0.5
M187,1.0
M188,1.0
M188A,1.0
M189,1.0
M190,1.0
M191,1.0
M192,0.5
M193,1.0
M194,0.5
M195,1.0
M196,1.0
M198,1.0
M199,1.0
M200,1.0
M200A,1.0
M201,1.0
M203A,1.0
M203B,1.0
M203C,1.0
M203D,1.0
M203E,1.0
M204,0.0
M205,1.0
M206,1.0
M207,1.0
M208A,1.0
M208B,1.0
M208C,1.0
M208D-01,0.0
M208D-02,1.0
M208E,1.0
M208G,1.0
M211A,0.5
M211B,1.0
M212,1.0
M213,1.0
M214,1.0
M215,1.0
M216,0.0
M217,0.0
M218,0.5
M219,1.0
M220,0.5
M221,1.0
M222,1.0
M223,0.5
M224,1.0
M225,1.0
M226,1.0
M227,1.0
M228,1.0
M229,1.0
M230,1.0
M231,1.0
M233,1.0
M234,1.0
M235,1.0
M236,1.0
M237,1.0
M238,1.0
M239,1.0
M240,1.0
M241,1.0
M242,1.0
M243,1.0
M244,1.0
M245,0.5
M246,1.0
M247,1.0
M249,1.0
M251,1.0
M255,1.0
M256,1.0
M257,1.0
M258,1.0
M259,1.0
M262,1.0
M263,1.0
M264,1.0
M265,0.5
M270,0.0
M273-01,1.0
M277,1.0
M279,1.0
M280,1.0
M282,1.0
M283,1.0
M283-01,1.0
M283-02,1.0
M283-03,1.0
M283A,1.0
M284,1.0
M285,0.0
M286,1.0
M287,1.0
M288,1.0
M289,1.0
M290,1.0
M292,1.0
M294,1.0
M295,1.0
M300,1.0
M301,1.0
M302,1.0
M303,1.0
M304,1.0
M308,1.0
M376,1.0
M378,1.0
M379,1.0
M385,1.0
M386,1.0
MR-01,1.0
MR-02,1.0
MR-03,1.0
MR-04,1.0
MR-05,1.0
MR-06,1.0
MR-07,1.0
MR-08,0.5
MR-09,1.0
MR-10,1.0
MR-11,1.0
MR-12,1.0
MT05,-1.0
MT07,1.0
MZ02,1.0
MZ06,1.0
MZ07,1.0
MZ08,1.0
MZ09,-1.0
MZ10,1.0
MZ100,1.0
MZ101,1.0
MZ102,1.0
MZ103,1.0
MZ105,1.0
MZ106,1.0
MZ108,1.0
MZ109,1.0
MZ110,1.0
MZ111,1.0
MZ113,1.0
MZ114,1.0
MZ115,1.0
MZ116,1.0
MZ117,1.0
MZ118,1.0
MZ119,1.0
MZ12,1.0
MZ120,1.0
MZ121,1.0
MZ122,1.0
MZ123,1.0
MZ124,1.0
MZ125,1.0
MZ126,0.5
MZ127,-1.0
MZ128,1.0
MZ13,1.0
MZ130,1.0
MZ131,1.0
MZ132,1.0
MZ133,1.0
MZ136,1.0
MZ14,1.0
MZ144,1.0
MZ153,1.0
MZ155,1.0
MZ156,1.0
MZ15A,1.0
MZ15B,1.0
MZ163,1.0
MZ166,1.0
MZ168,1.0
MZ170,1.0
MZ172,1.0
MZ173,1.0
MZ174,1.0
MZ175,1.0
MZ181,1.0
MZ185,1.0
MZ188,1.0
MZ191,1.0
MZ192,1.0
MZ199,1.0
MZ20,1.0
MZ200,1.0
MZ201,1.0
MZ202,1.0
MZ203,1.0
MZ204,1.0
MZ205,1.0
MZ206,1.0
MZ207,1.0
MZ208,1.0
MZ21,1.0
MZ210,1.0
MZ212,1.0
MZ213,1.0
MZ214,1.0
MZ215,1.0
MZ216,1.0
MZ218,1.0
MZ22,1.0
MZ220,1.0
MZ224,1.0
MZ230,1.0
MZ239,1.0
MZ24,1.0
MZ240,1.0
MZ243,1.0
MZ244,1.0
MZ245,1.0
MZ246,1.0
MZ247,1.0
MZ248,1.0
MZ249,1.0
MZ25,1.0
MZ250,1.0
MZ251,1.0
MZ252,1.0
MZ253,1.0
MZ254,1.0
MZ255,1.0
MZ256,1.0
MZ257,1.0
MZ258,1.0
MZ259,1.0
MZ260,1.0
MZ262,1.0
MZ265,1.0
MZ267,1.0
MZ268,1.0
MZ269,1.0
MZ27,1.0
MZ271,1.0
MZ272,1.0
MZ280,1.0
MZ29,1.0
MZ30,1.0
MZ31,1.0
MZ32,0.5
MZ33,1.0
MZ34,1.0
MZ35,1.0
MZ36,1.0
MZ42,1.0
MZ43,1.0
MZ45,1.0
MZ46,1.0
MZ47,1.0
MZ48,1.0
MZ49,1.0
MZ50,1.0
MZ52,1.0
MZ57,1.0
MZ58,1.0
MZ59,1.0
MZ60,1.0
MZ61,1.0
MZ62,1.0
MZ63,1.0
MZ64,1.0
MZ65,1.0
MZ66,1.0
MZ69,1.0
MZ70,1.0
MZ71,1.0
MZ72,1.0
MZ80,1.0
MZ81,1.0
MZ87,1.0
MZ93,1.0
MZ96,1.0
MZ97,1.0
Q001-01,1.0
Q001-04,1.0
Q001-99,1.0
Q001-ZN01,0.0
Q001-ZN02,0.5
Q001-ZN03,1.0
Q001-ZN04,1.0
Q001-ZN05,1.0
Q001-ZN06,1.0
Q001-ZN07,1.0
Q001-ZN08,1.0
Q001-ZN09,1.0
Q001-ZN10,1.0
Q001A-01,1.0
Q002,1.0
Q003,1.0
Q004-01,1.0
Q004-ZN01,1.0
Q004-ZN02,1.0
Q004-ZN03,1.0
Q004A,1.0
Q005-01,1.0
Q005-04,1.0
Q005-05,1.0
Q005-06,1.0
Q005-11,1.0
Q005-12,1.0
Q005-ZN01,1.0
Q005-ZN02,1.0
Q005-ZN03,1.0
Q005-ZN04,0.5
Q005-ZN05,0.0
Q006,1.0
Q006-01,1.0
Q007,0.5
Q007-01,1.0
Q008-01,1.0
Q008-02,1.0
Q008-ZN01,1.0
Q008-ZN02,0.0
Q008-ZN03,1.0
Q009-01,1.0
Q009-ZN01,1.0
Q009-ZN02,1.0
Q010-G01,1.0
Q010A-ZN01,1.0
Q010A-ZN02,1.0
Q011,0.5
Q012-01,1.0
Q012-ZN01,1.0
Q012-ZN02,0.0
Q012-ZN03,1.0
Q012B,1.0
Q013,0.5
Q014,0.0
Q015-02,1.0
Q015-03,1.0
Q015-05,1.0
Q015-07,1.0
Q015-08,1.0
Q015-09,1.0
Q015-10,0.0
Q015-22,1.0
Q015-G01,0.5
Q015-ZN01,1.0
Q015-ZN02,1.0
Q015-ZN03,0.5
Q015-ZN04,1.0
Q015-ZN05,1.0
Q015-ZN06,0.5
Q015-ZN07,1.0
Q015-ZN08,0.0
Q015-ZN09,1.0
Q015-ZN10,1.0
Q015-ZN11,1.0
Q015-ZN12,0.5
Q015-ZN13,1.0
Q015-ZN14,1.0
Q015-ZN15,1.0
Q017,-1.0
Q018,1.0
Q019,1.0
Q020-01,1.0
Q020-02,1.0
Q020-ZN01,1.0
Q020-ZN02,0.5
Q020-ZN03,1.0
Q020-ZN04,0.5
Q020-ZN05,1.0
Q021-01,1.0
Q021-02,1.0
Q021-03,1.0
Q021-ZN01,1.0
Q021-ZN02,1.0
Q021-ZN03,1.0
Q021-ZN04,1.0
Q021-ZN05,0.0
Q021-ZN06,0.0
Q021-ZN07,0.0
Q021B,1.0
Q021C,1.0
Q022,1.0
Q023,1.0
Q023-01,1.0
Q024-02,1.0
Q024-03,1.0
Q024-05,1.0
Q024-G01,1.0
Q024-ZN01,1.0
Q024-ZN02,0.5
Q024-ZN03,1.0
Q024-ZN04,1.0
Q024-ZN05,1.0
Q024-ZN06,0.5
Q025,1.0
Q026,0.5
Q027-02,1.0
Q028,1.0
Q029,1.0
Q030,1.0
Q031,0.0
Q031A,0.0
Q032,1.0
Q033,1.0
Q034,1.0
Q035,1.0
Q036A,1.0
Q037,1.0
Q038,1.0
Q040,1.0
Q041,1.0
Q042,1.0
Q043,1.0
Q044,1.0
Q045,1.0
Q046,1.0
Q047,1.0
Q048,1.0
Q048-01,1.0
Q050-ZN08A,1.0
Q050-ZN08B,1.0
Q050-ZN09,1.0
Q051,1.0
Q051-01,1.0
Q052,1.0
Q052-01,1.0
Q053,1.0
Q055,1.0
Q056,1.0
Q057,1.0
Q058,1.0
Q059,1.0
Q060,1.0
Q061,1.0
Q062,1.0
Q063,1.0
Q065,1.0
Q066B,0.0
Q066C,1.0
Q066F,1.0
Q066G,1.0
Q066H,1.0
Q067,1.0
Q067A,0.0
Q068,1.0
Q069,1.0
Q070,1.0
Q072,1.0
Q073,1.0
Q075,1.0
Q076,1.0
Q079,1.0
Q080,0.5
Q082,1.0
Q084-ZN01,1.0
Q084B,1.0
Q085,1.0
Q086,1.0
Q086-01,1.0
Q089B,1.0
Q089B-01,1.0
Q090,1.0
Q092,0.0
Q094-01,1.0
Q094D,0.5
Q095,1.0
Q096A,1.0
Q096B,1.0
Q096E,1.0
Q098,0.0
Q099-01,1.0
Q099-15,1.0
Q099-16,1.0
Q099-17,1.0
Q099-18,1.0
Q099-20,1.0
Q099-54,1.0
Q099-55,1.0
Q099-ZN01,1.0
Q099-ZN02,1.0
Q099-ZN03,1.0
Q099-ZN05,1.0
Q099-ZN06,1.0
Q099-ZN07,1.0
Q099-ZN08,1.0
Q099-ZN09,1.0
Q099-ZN10,1.0
Q099-ZN11,1.0
Q099-ZN12,1.0
Q099-ZN13,1.0
Q099-ZN14,0.0
Q099-ZN15,1.0
Q099-ZN16,0.0
Q099-ZN17,1.0
Q099-ZN18,1.0
Q099-ZN19,1.0
Q099-ZN20,1.0
Q099-ZN21,1.0
Q099-ZN22,1.0
Q099-ZN23,1.0
Q099-ZN24,1.0
Q099-ZN25,1.0
Q099-ZN26,0.0
Q100,1.0
Q100A,1.0
Q101,1.0
Q102-02,1.0
Q102-03,1.0
Q102-ZN01,0.5
Q102-ZN02,1.0
Q102-ZN03,1.0
Q102-ZN04,1.0
Q103,1.0
Q104,0.0
Q104-01,0.5
Q104-02,1.0
Q105,0.5
Q106,0.0
Q107,0.0
Q107-01,1.0
Q108,1.0
Q116,1.0
Q118,1.0
Q119,1.0
Q120,0.0
Q121,1.0
Q121-01,1.0
Q121-02,1.0
Q122,1.0
Q123,0.0
Q124,1.0
Q126,1.0
Q126-01,1.0
Q127,1.0
Q128,1.0
Q129,1.0
Q131,1.0
Q131-01,1.0
Q133,1.0
Q133-02,1.0
Q133B,1.0
Q134,1.0
Q135A,1.0
Q136,1.0
Q137,1.0
Q139,1.0
Q140,1.0
Q141,0.5
Q142,1.0
Q147,1.0
Q148,1.0
Q151,1.0
Q156,1.0
Q157,1.0
Q159,1.0
Q160,1.0
Q162-ZN01A,1.0
Q162-ZN01B,1.0
Q162-ZN02A,0.0
Q162-ZN02B,1.0
Q162-ZN02C,1.0
Q162-ZN03A,1.0
Q162-ZN03B,1.0
Q162-ZN04A,0.0
Q162-ZN04B,1.0
Q162-ZN04C,1.0
Q162E,1.0
Q162H,1.0
Q162J,1.0
Q162J01,1.0
Q163-19,1.0
Q163-20,1.0
Q163-21,1.0
Q163-ZN05A,1.0
Q163-ZN05B,1.0
Q163-ZN06A,1.0
Q163-ZN06B,1.0
Q163-ZN07A,1.0
Q163-ZN07B,1.0
Q164-ZN10A,1.0
Q164-ZN10B,1.0
Q164-ZN10C,1.0
Q164-ZN11A,1.0
Q164-ZN11B,1.0
Q164-ZN11C,1.0
Q168,1.0
Q174A,0.0
Q177,1.0
Q178,1.0
Q186,1.0
Q190,1.0
Q203,1.0
Q205A,1.0
Q205B,0.0
Q206,1.0
Q207,1.0
Q208,1.0
Q209,1.0
Q210,0.5
Q211,0.0
Q212,1.0
Q213,1.0
Q214,1.0
Q215,0.0
Q217,1.0
Q218,1.0
Q219-98,1.0
Q219-99,1.0
Q220B,0.0
Q220C,1.0
Q220D,1.0
Q220E,1.0
Q220F,1.0
Q220G,0.5
Q221,1.0
Q222,1.0
Q223,0.5
Q224,1.0
Q226-01,0.0
Q226-02,1.0
Q231,1.0
Q232,1.0
Q243,1.0
Q245,1.0
Q246,1.0
Q257,1.0
Q259,1.0
Q266,1.0
Q267,1.0
Q268,1.0
Q275,1.0
Q277,1.0
Q281,1.0
Q283,1.0
Q284,1.0
Q285,1.0
Q289,1.0
Q290,1.0
Q291,1.0
Q293,0.0
Q294,1.0
Q296,1.0
Q298,1.0
Q299,1.0
Q300-02,1.0
Q300-03,1.0
Q300-04,1.0
Q300-05,1.0
Q300-06,1.0
Q300-ZN01,0.0
Q300-ZN02,0.0
Q300-ZN03,0.0
Q300A-01,1.0
Q300A-ZN01,0.0
Q300A-ZN02,1.0
Q300A-ZN03,1.0
Q300A-ZN04,1.0
Q300A1,1.0
Q301,1.0
Q302,1.0
Q303,1.0
Q304,1.0
Q305,0.0
Q306,1.0
Q307,1.0
Q308,1.0
Q310,1.0
Q313,1.0
Q314,1.0
Q316,1.0
Q317,1.0
Q318,1.0
Q319,1.0
Q320,0.0
Q321,1.0
Q322,1.0
Q325,0.0
Q326,1.0
Q327,1.0
Q328,1.0
Q329,1.0
Q330,0.0
Q332,0.0
Q333,0.0
Q334,1.0
Q335,1.0
Q336,1.0
Q337,1.0
Q338,1.0
Q339,1.0
Q340,0.0
Q341B,1.0
Q341C,1.0
Q341D,1.0
Q341E,1.0
Q341F,1.0
Q342,1.0
Q343,1.0
Q344,1.0
Q345,1.0
Q346,1.0
Q347,1.0
Q348,1.0
Q349,0.5
Q351,1.0
Q352,1.0
Q353,1.0
Q354,1.0
Q355,1.0
Q356,1.0
Q357B,1.0
Q357B01,1.0
Q357G,1.0
Q357I,1.0
Q357J,1.0
Q358,0.0
Q359,1.0
Q360E,1.0
Q360F,1.0
Q360G,1.0
Q360H,1.0
Q360J,0.0
Q360M,1.0
Q360N,1.0
Q360Q,1.0
Q360R,1.0
Q360S,1.0
Q360T,1.0
Q360U,1.0
Q361,1.0
Q362,1.0
Q363,1.0
Q364,1.0
Q366,1.0
Q367,1.0
Q369,1.0
Q370,1.0
Q371,1.0
Q371-01,1.0
Q373,1.0
Q375,1.0
Q376,1.0
Q377,1.0
Q378,1.0
Q379,1.0
Q381,0.0
Q382,1.0
Q383,1.0
Q385,1.0
Q386,1.0
Q387A,1.0
Q387B,1.0
Q387D,1.0
Q388,1.0
Q389,1.0
Q390,1.0
Q391,1.0
Q392,0.0
Q393A,1.0
Q393C,1.0
Q393D,1.0
Q393E,1.0
Q393F,1.0
Q393G,1.0
Q393H,1.0
Q393I,1.0
Q394,1.0
Q395,1.0
Q396,1.0
Q397,1.0
Q398,1.0
Q399,1.0
Q400,1.0
Q401,1.0
Q402,1.0
Q403,1.0
Q404,0.0
Q405,0.0
Q406,1.0
Q407,1.0
Q408,1.0
Q410,1.0
Q411-G01,1.0
Q412,0.0
Q413,1.0
Q413-02,1.0
Q414,1.0
Q415,1.0
Q416,1.0
Q419,1.0
Q421,1.0
Q422,1.0
Q423,1.0
Q424,1.0
Q425,0.0
Q426,1.0
Q427,1.0
Q428,1.0
Q429,1.0
Q430,1.0
Q434,1.0
Q435,1.0
Q436,1.0
Q437,1.0
Q439,1.0
Q440,0.0
Q443,0.0
Q444,0.5
Q445,1.0
Q445-01,1.0
Q447,1.0
Q448-99,1.0
Q448-ZN01A,1.0
Q448-ZN02A,0.0
Q448-ZN03,1.0
Q450,0.0
Q451,1.0
Q452,1.0
Q453-01,1.0
Q456,1.0
Q457,1.0
Q460,1.0
Q461-ZN01,1.0
Q461-ZN02,1.0
Q462,1.0
Q463,1.0
Q465,1.0
Q467,1.0
Q468_temp,1.0
Q473,1.0
Q474,0.0
Q476,1.0
Q477,1.0
Q483,1.0
Q491,1.0
Q492,1.0
Q494,1.0
QR-01,1.0
QR-02,1.0
QR-03,1.0
QR-04,1.0
QR-05,1.0
QT01,1.0
QT02,1.0
QZ01,1.0
QZ04,1.0
QZ05,1.0
QZ06,1.0
QZ07,0.0
QZ10,1.0
QZ100,1.0
QZ101,1.0
QZ102,1.0
QZ103,1.0
QZ104,1.0
QZ109,1.0
QZ11,1.0
QZ110,1.0
QZ112,1.0
QZ113,1.0
QZ114,1.0
QZ116,1.0
QZ117,1.0
QZ118,1.0
QZ12,1.0
QZ120,1.0
QZ121,1.0
QZ122,1.0
QZ124,1.0
QZ127,1.0
QZ128,1.0
QZ129,1.0
QZ13,1.0
QZ130,1.0
QZ131,1.0
QZ133,1.0
QZ134,1.0
QZ136,1.0
QZ139,1.0
QZ14,1.0
QZ140,1.0
QZ141,1.0
QZ142,1.0
QZ145,1.0
QZ146,1.0
QZ147,1.0
QZ148,1.0
QZ149,1.0
QZ15,1.0
QZ150,1.0
QZ151,1.0
QZ152,1.0
QZ153,1.0
QZ154,1.0
QZ155,1.0
QZ156,1.0
QZ158,1.0
QZ159,1.0
QZ16,1.0
QZ160,1.0
QZ161,1.0
QZ162,1.0
QZ163,1.0
QZ165,1.0
QZ167,1.0
QZ168,1.0
QZ169,1.0
QZ17,1.0
QZ172,1.0
QZ173,1.0
QZ174,1.0
QZ175,1.0
QZ176,1.0
QZ18,1.0
QZ182,1.0
QZ187,1.0
QZ189,1.0
QZ19,1.0
QZ195,1.0
QZ196,1.0
QZ20,1.0
QZ208,1.0
QZ209,1.0
QZ21,1.0
QZ226,1.0
QZ227,1.0
QZ229,1.0
QZ23,1.0
QZ230,1.0
QZ233,1.0
QZ234,1.0
QZ235,1.0
QZ25,1.0
QZ26,1.0
QZ27,1.0
QZ275,1.0
QZ276,1.0
QZ28,1.0
QZ280,1.0
QZ281,1.0
QZ282,1.0
QZ284,1.0
QZ285,1.0
QZ286,1.0
QZ287,1.0
QZ29,1.0
QZ291,1.0
QZ293,1.0
QZ294,1.0
QZ295,1.0
QZ296,1.0
QZ297,1.0
QZ298,1.0
QZ299,1.0
QZ300,1.0
QZ301,1.0
QZ302,1.0
QZ31,1.0
QZ316,1.0
QZ317,1.0
QZ318,1.0
QZ319,1.0
QZ32,1.0
QZ323,1.0
QZ325,1.0
QZ33,1.0
QZ34,1.0
QZ346,1.0
QZ348,1.0
QZ349,1.0
QZ350,1.0
QZ351,1.0
QZ352,1.0
QZ353,1.0
QZ355,1.0
QZ356,1.0
QZ361,1.0
QZ362,1.0
QZ363,1.0
QZ364,1.0
QZ366,1.0
QZ37,1.0
QZ38,1.0
QZ389,1.0
QZ39,1.0
QZ390,1.0
QZ391,1.0
QZ392,1.0
QZ393,1.0
QZ40,1.0
QZ407,1.0
QZ408,1.0
QZ409,1.0
QZ410,1.0
QZ411,1.0
QZ412,1.0
QZ42,1.0
QZ421,1.0
QZ422,1.0
QZ423,1.0
QZ424,1.0
QZ425,1.0
QZ426,1.0
QZ43,1.0
QZ443,1.0
QZ444,1.0
QZ445,1.0
QZ447,1.0
QZ448,1.0
QZ449,1.0
QZ45,1.0
QZ450,1.0
QZ451,1.0
QZ452,1.0
QZ453,1.0
QZ454,1.0
QZ455,0.0
QZ459,1.0
QZ460,1.0
QZ461,1.0
QZ463,1.0
QZ464,1.0
QZ466,1.0
QZ467,1.0
QZ468,1.0
QZ469,1.0
QZ46A,1.0
QZ470,1.0
QZ471,1.0
QZ473,1.0
QZ483,1.0
QZ485,1.0
QZ486,1.0
QZ49,1.0
QZ50,1.0
QZ502,1.0
QZ507,1.0
QZ509,1.0
QZ51,1.0
QZ510,1.0
QZ512,1.0
QZ513,1.0
QZ514,0.0
QZ515,1.0
QZ516,1.0
QZ517,1.0
QZ518,1.0
QZ52,1.0
QZ521,1.0
QZ522,1.0
QZ523,1.0
QZ53,1.0
QZ533,1.0
QZ534,1.0
QZ54,1.0
QZ545,1.0
QZ546,1.0
QZ552,1.0
QZ590,1.0
QZ591,1.0
QZ596,1.0
QZ597,1.0
QZ598,1.0
QZ599,1.0
QZ600,1.0
QZ601,1.0
QZ602,1.0
QZ608,1.0
QZ609,1.0
QZ610,1.0
QZ611,1.0
QZ622,1.0
QZ623,1.0
QZ626,1.0
QZ631,1.0
QZ632,1.0
QZ644,1.0
QZ65,1.0
QZ653,1.0
QZ656,1.0
QZ657,1.0
QZ658,1.0
QZ659,1.0
QZ66,1.0
QZ660,-1.0
QZ661,1.0
QZ664,1.0
QZ665,1.0
QZ666,1.0
QZ667,1.0
QZ668,1.0
QZ669,1.0
QZ67,1.0
QZ670,1.0
QZ672,1.0
QZ68,1.0
QZ682,1.0
QZ69,1.0
QZ693,1.0
QZ694,1.0
QZ695,1.0
QZ696,1.0
QZ697,1.0
QZ698,1.0
QZ699,1.0
QZ70,1.0
QZ701,1.0
QZ71,1.0
QZ72,1.0
QZ73,1.0
QZ74,1.0
QZ75,1.0
QZ76,1.0
QZ77,1.0
QZ79,1.0
QZ81,1.0
QZ82,1.0
QZ823,1.0
QZ83,1.0
QZ85,1.0
QZ86,1.0
QZ90,1.0
QZ95,1.0
QZ96,1.0
QZ98,1.0
R002,1.0
R004,1.0
R005-01,1.0
R005-15,1.0
R005-ZN01,1.0
R005-ZN02,1.0
R005-ZN03,1.0
R005-ZN04,0.5
R006-ZN01,1.0
R006-ZN02,1.0
R006-ZN03,1.0
R008,1.0
R009,1.0
R010,1.0
R011,1.0
R012,1.0
R013-G01,1.0
R015,0.5
R019,1.0
R020,1.0
R021,1.0
R022-04,1.0
R022-05,1.0
R022-G01,1.0
R022-ZN01,1.0
R022-ZN02,1.0
R024,1.0
R025,1.0
R026,1.0
R027A,1.0
R028,1.0
R029,1.0
R031-08,1.0
R031-11,1.0
R031-ZN01,1.0
R031-ZN02,1.0
R031-ZN03,0.5
R032,1.0
R033,1.0
R034,1.0
R035,1.0
R036,1.0
R037,1.0
R038A,1.0
R042,1.0
R043,1.0
R045-01,1.0
R046-ZN01,1.0
R046-ZN02,1.0
R046-ZN03,1.0
R046-ZN04,1.0
R046-ZN05,1.0
R048,0.0
R049,1.0
R050,1.0
R052,1.0
R053,1.0
R059,1.0
R060,1.0
R061,0.0
R062,1.0
R063,1.0
R064,1.0
R065-01,1.0
R065-02,1.0
R065-ZN01,1.0
R065-ZN02,1.0
R065-ZN03,1.0
R065-ZN04,1.0
R065-ZN05,1.0
R065-ZN06,1.0
R065-ZN07,1.0
R065-ZN08,1.0
R065-ZN09,1.0
R065-ZN10A,0.0
R065-ZN10B,0.0
R065-ZN11,1.0
R066,0.5
R067,1.0
R068,1.0
R069,1.0
R070,1.0
R071,1.0
R072,1.0
R073,1.0
R075A,1.0
R075B,1.0
R075C,1.0
R076,0.0
R078,0.0
R079,1.0
R079-01,1.0
R080,1.0
R083,1.0
R085,1.0
R086,-1.0
R087,1.0
R089,0.5
R090,1.0
R095,1.0
R097,1.0
R099,1.0
R100,1.0
R101,1.0
R104-G01,0.5
R105,1.0
R106-01,1.0
R106-ZN01,1.0
R106-ZN02,1.0
R106-ZN03,1.0
R107,1.0
R109,1.0
R109-01,1.0
R110,1.0
R111,1.0
R114,1.0
R117,1.0
R119,0.0
R119-01,1.0
R120-ZN01,1.0
R120-ZN02,1.0
R120-ZN03,1.0
R123,1.0
R124,1.0
R125,1.0
R126,1.0
R127,1.0
R129-01,1.0
R135-01,1.0
R140,0.5
R144,1.0
R145,1.0
R161,1.0
RR-02_temp1,1.0
RT01,1.0
RT02,1.0
RZ004A,1.0
RZ004B,1.0
RZ01,1.0
RZ012A,1.0
RZ012B,1.0
RZ012C,1.0
RZ012D,1.0
RZ012E,1.0
RZ013A,1.0
RZ013B,1.0
RZ013C,1.0
RZ013D,1.0
RZ02,1.0
RZ03,1.0
RZ042A,1.0
RZ042B,1.0
RZ058A,-1.0
RZ058B,0.5
RZ076S,1.0
RZ101,1.0
RZ102,0.5
RZ103,1.0
RZ104,1.0
RZ105,1.0
RZ107,1.0
RZ111,1.0
RZ114,1.0
RZ115,1.0
RZ117,1.0
RZ118,1.0
RZ119,1.0
RZ120,1.0
RZ121,1.0
RZ122,1.0
RZ123,1.0
RZ125,1.0
RZ127,1.0
RZ128,1.0
RZ129,1.0
RZ130,1.0
RZ133,1.0
RZ134,1.0
RZ14,1.0
RZ147,0.5
RZ155,1.0
RZ156,1.0
RZ157,1.0
RZ158,1.0
RZ159,1.0
RZ160,1.0
RZ161,1.0
RZ162,1.0
RZ163,1.0
RZ166,1.0
RZ167,1.0
RZ170,1.0
RZ172,1.0
RZ174,1.0
RZ175,1.0
RZ176,1.0
RZ178,1.0
RZ179,1.0
RZ18,1.0
RZ180,1.0
RZ181,1.0
RZ183,1.0
RZ184,1.0
RZ185,1.0
RZ19,1.0
RZ193,1.0
RZ20,1.0
RZ205,1.0
RZ207,1.0
RZ21,1.0
RZ211,1.0
RZ217,1.0
RZ218,1.0
RZ219,1.0
RZ22,1.0
RZ221,1.0
RZ222,1.0
RZ223,1.0
RZ23,1.0
RZ238,1.0
RZ239,1.0
RZ24,1.0
RZ240,1.0
RZ241,1.0
RZ242,1.0
RZ243,1.0
RZ244,0.5
RZ245,1.0
RZ247,1.0
RZ248,1.0
RZ249,1.0
RZ25,1.0
RZ250,1.0
RZ251,1.0
RZ253,1.0
RZ254,1.0
RZ255,1.0
RZ258,1.0
RZ259,-1.0
RZ26,1.0
RZ260,1.0
RZ261,1.0
RZ262,1.0
RZ263,1.0
RZ264,1.0
RZ266,1.0
RZ267,1.0
RZ268,1.0
RZ269,1.0
RZ27,1.0
RZ28,1.0
RZ286,1.0
RZ29,1.0
RZ30,1.0
RZ32,1.0
RZ34,1.0
RZ35,1.0
RZ36,1.0
RZ38,1.0
RZ39,1.0
RZ40,1.0
RZ41,1.0
RZ43,1.0
RZ44,1.0
RZ45,1.0
RZ46,1.0
RZ47,1.0
RZ48,1.0
RZ49,1.0
RZ50,1.0
RZ51,1.0
RZ52,1.0
RZ54,1.0
RZ55,1.0
RZ56,1.0
RZ57,1.0
RZ59,1.0
RZ62,1.0
RZ63,1.0
RZ64,1.0
RZ67,1.0
RZ68,1.0
RZ69,1.0
RZ70,1.0
RZ73,1.0
RZ75,1.0
RZ81,1.0
RZ82,1.0
RZ82A,1.0
RZ82N,1.0
RZ82S,1.0
RZ85,1.0
RZ89,1.0
RZ94,1.0
RZ95,1.0
RZ96,1.0
RZ99,1.0
X001-01,1.0
X001-ZN01,0.0
X001-ZN02,0.0
X001A-01,1.0
X001B,1.0
X002-04,1.0
X002-05,1.0
X002-05A,1.0
X002-07,1.0
X002-08,1.0
X002-09,1.0
X002-10,1.0
X002-14,1.0
X002-ZN01,1.0
X002-ZN02,1.0
X002-ZN03,0.5
X002-ZN04,1.0
X002-ZN05A,0.0
X002-ZN05B,1.0
X002-ZN06,1.0
X004-01,1.0
X004-02,1.0
X004-03,1.0
X004-04,1.0
X005,1.0
X007,1.0
X008-01,1.0
X008-03,1.0
X008-ZN01,1.0
X008-ZN02,0.0
X008-ZN03,0.0
X009,1.0
X010-01,1.0
X010-02,1.0
X010-03,1.0
X010-05,1.0
X010-06,1.0
X010-07,1.0
X010-08,1.0
X010-10,1.0
X010-12,1.0
X010-ZN01,1.0
X010-ZN02,0.0
X010-ZN03,1.0
X010-ZN04,1.0
X010-ZN05,1.0
X010-ZN06,0.0
X010-ZN07,0.0
X010-ZN08,0.0
X010-ZN09,0.0
X010-ZN10,0.0
X010A,0.0
X010A-01,1.0
X010A-02,1.0
X011-ZN01,0.0
X011-ZN02,1.0
X012,1.0
X013,1.0
X013-01,1.0
X013-02,1.0
X013-02o,0.0
X014,1.0
X015,1.0
X016,1.0
X017-01,-1.0
X017-02,1.0
X019,1.0
X020,0.0
X021,1.0
X022,1.0
X023,1.0
X025,1.0
X026,0.5
X028,0.0
X029,1.0
X030-02,1.0
X030-99,1.0
X030-ZN01,1.0
X030-ZN02,1.0
X030-ZN03,0.0
X031,1.0
X032,1.0
X033-01,0.0
X033-04,1.0
X033-10,1.0
X034,1.0
X034-01,1.0
X034-06,1.0
X034_temp,0.5
X036,1.0
X037,1.0
X038,0.0
X038-01,0.0
X038-02,0.0
X039-01,1.0
X039-02,1.0
X039-06K,1.0
X039-99,1.0
X039-G01,0.5
X039-G02,1.0
X039-ZN01,0.0
X039-ZN02,0.5
X039-ZN03,1.0
X039-ZN04,1.0
X039-ZN05,1.0
X039-ZN06,1.0
X039-ZN07,1.0
X039-ZN08,1.0
X039-ZN09,1.0
X039-ZN10,1.0
X039-ZN11,1.0
X039-ZN12,1.0
X039-ZN13,1.0
X039-ZN14,1.0
X039-ZN15,1.0
X039-ZN16,1.0
X039-ZN17,1.0
X039-ZN18,1.0
X039-ZN19,0.5
X039-ZN20,1.0
X039-ZN22,1.0
X040,1.0
X041,1.0
X042,1.0
X044,0.0
X044-01,1.0
X045-01,1.0
X045-02,1.0
X045-03,1.0
X045-ZN01,1.0
X045-ZN02,0.0
X045-ZN03,1.0
X046-01,1.0
X046-ZN01,1.0
X046-ZN02,1.0
X047,0.0
X047-01,1.0
X049,1.0
X051,0.0
X055,1.0
X056,1.0
X057,0.0
X058,1.0
X059,1.0
X060,1.0
X061,1.0
X062,1.0
X063,1.0
X064,1.0
X065,1.0
X067,1.0
X068,0.0
X069,1.0
X070,1.0
X071,1.0
X073,1.0
X077,1.0
X080,0.5
X080-01,1.0
X080-02,1.0
X080-03,1.0
X081,1.0
X084,1.0
X085,1.0
X086,1.0
X087,1.0
X088-01,1.0
X088-ZN01,1.0
X088-ZN02,1.0
X090,1.0
X092-05,1.0
X092-06,1.0
X092-09,1.0
X092-26,1.0
X092-G01,1.0
X092-G02,1.0
X092-ZN01,1.0
X092-ZN02,1.0
X092-ZN03,0.5
X092-ZN04,1.0
X092-ZN05,1.0
X092-ZN06,0.0
X092-ZN07,1.0
X092-ZN08,1.0
X092-ZN09,1.0
X092-ZN10,1.0
X092-ZN11,1.0
X092-ZN12,0.0
X092-ZN14,1.0
X092-ZN15,1.0
X092-ZN16,1.0
X092-ZN17,1.0
X092-ZN18,1.0
X092-ZN19,1.0
X092-ZN20,1.0
X092-ZN21,1.0
X092-ZN22,1.0
X093,1.0
X095,1.0
X096,1.0
X101A,1.0
X102,1.0
X103,1.0
X104,1.0
X104-01,1.0
X104-02,1.0
X104-03,1.0
X105,1.0
X106,1.0
X107,1.0
X108,1.0
X110A,1.0
X110B,1.0
X110C,0.0
X110D,1.0
X111,0.0
X112,1.0
X113,1.0
X114,1.0
X115,1.0
X116,1.0
X118-01,-1.0
X118-02,-1.0
X118-ZN01,1.0
X118-ZN02,1.0
X118-ZN03,1.0
X118-ZN04,1.0
X118-ZN05,1.0
X118-ZN06,1.0
X119,1.0
X120,1.0
X121,1.0
X122,1.0
X123,1.0
X124,1.0
X126-ZN01,1.0
X126-ZN02,1.0
X126-ZN03,1.0
X126-ZN04,1.0
X129,1.0
X130,1.0
X131,1.0
X133,1.0
X134,1.0
X136,0.0
X136-01,1.0
X137,1.0
X138,0.0
X141,1.0
X142-ZN01,0.5
X142-ZN02,1.0
X146,1.0
X147A-01,1.0
X147A-ZN01,0.5
X147A-ZN02,0.0
X147B,1.0
X148A2,1.0
X148A3,1.0
X148B2,1.0
X148C,1.0
X148C1,1.0
X148C3,0.0
X148C5,0.5
X148C7,1.0
X148D1,1.0
X148E,1.0
X148H,1.0
X148H1,1.0
X148H2,1.0
X148J2,0.0
X148K1,1.0
X148K2,1.0
X148K4,1.0
X148L,1.0
X148L1,1.0
X148M,1.0
X148M1,1.0
X148O,1.0
X149A,1.0
X150E,1.0
X150H,1.0
X150I,1.0
X150J,1.0
X150L,0.0
X151,1.0
X152,1.0
X153-01,0.5
X153-02,1.0
X154,1.0
X155,0.0
X156,1.0
X157,1.0
X158,0.0
X159,1.0
X160,1.0
X161,1.0
X162,1.0
X163,0.5
X164,1.0
X165,1.0
X166,1.0
X168,0.0
X169,1.0
X170,1.0
X171,1.0
X172,1.0
X174,1.0
X175,1.0
X176,1.0
X177,1.0
X178,1.0
X179,0.0
X180,1.0
X182,1.0
X183,1.0
X185,0.0
X186,0.0
X187-01,1.0
X187-02,1.0
X188,1.0
X190,1.0
X191A,1.0
X193,1.0
X194,1.0
X195A,1.0
X196,1.0
X196-02,1.0
X197,0.0
X200,1.0
X201,0.5
X201-01,1.0
X202,1.0
X203,1.0
X204,1.0
X205,1.0
X206,1.0
X207,1.0
X208,1.0
X211,1.0
X214,1.0
X216,1.0
X217,0.0
X219,1.0
X221,1.0
X222,1.0
X224,1.0
X228,0.0
X232,1.0
X233,1.0
X235,1.0
X238,0.5
X239,1.0
X242,1.0
X243,1.0
X244,0.5
X247,1.0
X248,1.0
X250_temp,1.0
X251,1.0
X252,1.0
X253,1.0
X255,1.0
X256,1.0
X257,0.0
X258,0.5
X259,0.5
X260,1.0
X261_temp,0.5
X262,1.0
X263,1.0
X264,1.0
X265,1.0
X266,1.0
X267,1.0
X268,1.0
X269,1.0
X271,1.0
X272,0.0
X273,1.0
X274,1.0
X278,1.0
X280,1.0
X281,1.0
X282,1.0
X283,0.0
X284,0.0
X286,0.0
X287,1.0
X288,1.0
X289,1.0
X291,1.0
X292,1.0
X295,1.0
X299,1.0
X300,0.0
X302,1.0
X304,1.0
X305,1.0
X307,0.0
X336,1.0
X344,1.0
X348-01,1.0
X348-02,1.0
XR-01,1.0
XR-02,1.0
XR-03,0.5
XR-04,1.0
XR-05,1.0
XT01,1.0
XZ01,0.0
XZ03,1.0
XZ04,1.0
XZ05,1.0
XZ06,1.0
XZ08,1.0
XZ09,1.0
XZ10,1.0
XZ100,1.0
XZ101,1.0
XZ102,1.0
XZ103,1.0
XZ104,1.0
XZ105,1.0
XZ106,1.0
XZ107,1.0
XZ11,1.0
XZ117,1.0
XZ118,1.0
XZ119,1.0
XZ120,1.0
XZ121A,1.0
XZ121B,1.0
XZ121C,1.0
XZ122,1.0
XZ123,1.0
XZ124,1.0
XZ126,1.0
XZ127,1.0
XZ128,1.0
XZ129,1.0
XZ130,1.0
XZ131,1.0
XZ132,1.0
XZ133,1.0
XZ135,1.0
XZ139,1.0
XZ140,1.0
XZ146,1.0
XZ147,1.0
XZ148,1.0
XZ15,1.0
XZ152,1.0
XZ153,1.0
XZ155,1.0
XZ157,1.0
XZ158,1.0
XZ16,1.0
XZ162,1.0
XZ17,1.0
XZ170,1.0
XZ172,1.0
XZ173,1.0
XZ174,1.0
XZ176,1.0
XZ177,1.0
XZ178,1.0
XZ182,1.0
XZ186,1.0
XZ189,1.0
XZ19,1.0
XZ190,1.0
XZ191,1.0
XZ192,1.0
XZ194,1.0
XZ197,1.0
XZ20,1.0
XZ201,1.0
XZ205,1.0
XZ206,1.0
XZ207,1.0
XZ208,1.0
XZ209,1.0
XZ210,1.0
XZ212,1.0
XZ213,1.0
XZ214,1.0
XZ215,1.0
XZ217,1.0
XZ218,1.0
XZ22,1.0
XZ220,1.0
XZ227,1.0
XZ229,1.0
XZ23,1.0
XZ232,1.0
XZ237,1.0
XZ239,1.0
XZ24,1.0
XZ25,1.0
XZ254,1.0
XZ255,1.0
XZ256,1.0
XZ26,1.0
XZ262,1.0
XZ263,1.0
XZ264,1.0
XZ265,1.0
XZ266,1.0
XZ267,1.0
XZ268,1.0
XZ269,0.5
XZ27,1.0
XZ270,1.0
XZ273,1.0
XZ274,1.0
XZ275,1.0
XZ277,1.0
XZ278,1.0
XZ28,-1.0
XZ280,1.0
XZ281,1.0
XZ282,1.0
XZ283,1.0
XZ284,1.0
XZ285,1.0
XZ286,1.0
XZ287,1.0
XZ29,1.0
XZ293,1.0
XZ294,1.0
XZ295,1.0
XZ30,1.0
XZ301,1.0
XZ306,1.0
XZ308,1.0
XZ309,1.0
XZ310,1.0
XZ312,1.0
XZ313,1.0
XZ32,1.0
XZ324,1.0
XZ326,0.5
XZ327,1.0
XZ328,1.0
XZ330,1.0
XZ331,1.0
XZ333,1.0
XZ334,1.0
XZ335,1.0
XZ337,1.0
XZ339,0.0
XZ340,0.5
XZ341,1.0
XZ342,1.0
XZ343,1.0
XZ344,1.0
XZ345,1.0
XZ346,1.0
XZ347,1.0
XZ348,1.0
XZ349,1.0
XZ35,1.0
XZ350,1.0
XZ352,1.0
XZ353,1.0
XZ354,1.0
XZ355,1.0
XZ357,1.0
XZ358,1.0
XZ362,1.0
XZ363,1.0
XZ37,1.0
XZ39,1.0
XZ40,1.0
XZ42,1.0
XZ43,1.0
XZ44,1.0
XZ45,1.0
XZ46,1.0
XZ469,1.0
XZ475,1.0
XZ48,1.0
XZ49,1.0
XZ50,1.0
XZ51,-1.0
XZ52,1.0
XZ53,1.0
XZ54,1.0
XZ55,1.0
XZ56B,1.0
XZ58,1.0
XZ64,1.0
XZ66,1.0
XZ67,1.0
XZ69,1.0
XZ70,1.0
XZ74,0.5
XZ76,1.0
XZ80,1.0
XZ81,1.0
XZ82,1.0
XZ83,-1.0
XZ84,1.0
XZ88,1.0
XZ89,1.0
XZ91,1.0
XZ93,1.0
XZ94,1.0
XZ96,1.0
XZ97,1.0
