block,avg
9003    ,0
9002    ,1.94
9001    ,1.93
9000    ,1.8
8029    ,1
8028    ,0
8027    ,3.5
8026    ,3.29
8025    ,0
8024    ,3
8023    ,0
8022    ,1.67
8021    ,2
8020    ,2.5
8019    ,2.68
8018    ,2.5
8017    ,2
8016    ,3.5
8015    ,2.5
8014    ,3.31
8013    ,2.3
8012    ,1.445
8011    ,2.665
8010    ,2.845
8009    ,2.5675
8008    ,1.8625
8007    ,2.7575
8006    ,2.704
8005    ,2.24833333333333
8004    ,2.29833333333333
8003    ,1.65857142857143
8002    ,1.945
8001    ,1.95333333333333
8000    ,2.165
7074    ,0
7073    ,2.67
7072    ,0
7071    ,0
7070    ,2.26
7069    ,3.43
7068    ,3.7
7067    ,2.25
7066    ,1.33
7065    ,0
7064    ,3
7063    ,0
7062    ,0
7061    ,0
7060    ,2.33
7059    ,0
7058    ,1.275
7057    ,3.115
7056    ,0.5
7055    ,0.85
7054    ,0.563333333333333
7053    ,1.33333333333333
7052    ,0.973333333333333
7051    ,0.85
7050    ,2.16666666666667
7049    ,0.666666666666667
7048    ,1.20333333333333
7047    ,1.16
7046    ,2.13
7045    ,2.005
7044    ,2.2
7043    ,1.6525
7042    ,1.365
7041    ,0.84
7040    ,0.75
7039    ,1.2075
7038    ,1.3625
7037    ,1.375
7036    ,0.875
7035    ,1.302
7034    ,0.9
7033    ,1.65
7032    ,1.278
7031    ,2.068
7030    ,1.444
7029    ,0.94
7028    ,0.857142857142857
7027    ,0.867142857142857
7026    ,1.34571428571429
7025    ,0.928571428571429
7024    ,0.625714285714286
7023    ,1.16875
7022    ,1.055
7021    ,2.18875
7020    ,1.54333333333333
7019    ,1.73545454545455
7018    ,1.93090909090909
7017    ,2.14769230769231
7016    ,2.37846153846154
7015    ,2.44733333333333
7014    ,2.67375
7013    ,2.17333333333333
7012    ,1.9355
7011    ,2.52608695652174
7010    ,2.42391304347826
7009    ,2.14086956521739
7008    ,2.25541666666667
7007    ,2.60423076923077
7006    ,2.27964285714286
7005    ,2.29241379310345
7004    ,2.45516129032258
7003    ,2.2125
7002    ,2.12783783783784
7001    ,2.10694915254237
7000    ,2.02949367088608
6231    ,0
6230    ,3.33
6229    ,0
6228    ,0
6227    ,0
6226    ,0
6225    ,0
6224    ,0
6223    ,0
6222    ,0
6221    ,0
6220    ,0
6219    ,0
6218    ,0
6217    ,0
6216    ,0
6215    ,3.87
6214    ,3.4
6213    ,3.54
6212    ,0
6211    ,2.6
6210    ,2
6209    ,0
6208    ,0
6207    ,0
6206    ,0
6205    ,0
6204    ,0
6203    ,0
6202    ,0
6201    ,0
6200    ,0
6199    ,3.76
6198    ,0
6197    ,0
6196    ,0
6195    ,0
6194    ,0
6193    ,0
6192    ,3.63
6191    ,3.74
6190    ,4.36
6189    ,0
6188    ,3.91
6187    ,0
6186    ,4.5
6185    ,4.09
6184    ,0
6183    ,0
6182    ,4
6181    ,3.81
6180    ,0
6179    ,0
6178    ,0
6177    ,0
6176    ,3.86
6175    ,0
6174    ,0
6173    ,0
6172    ,0
6171    ,0
6170    ,0
6169    ,0
6168    ,0
6167    ,0
6166    ,0
6165    ,0
6164    ,0
6163    ,0
6162    ,0
6161    ,0
6160    ,0
6159    ,0
6158    ,0
6157    ,0
6156    ,0
6155    ,0
6154    ,0
6153    ,0
6152    ,0
6151    ,0
6150    ,0
6149    ,0
6148    ,0
6147    ,0
6146    ,0
6145    ,0
6144    ,0
6143    ,0
6142    ,0
6141    ,0
6140    ,0
6139    ,0
6138    ,0
6137    ,0
6136    ,0
6135    ,0
6134    ,0
6133    ,0
6132    ,0
6131    ,0
6130    ,0
6129    ,0
6128    ,0
6127    ,0
6126    ,0
6125    ,0
6124    ,0.333333333333333
6123    ,1
6122    ,0.75
6121    ,0
6120    ,1.53
6119    ,0.903333333333333
6118    ,0.706666666666667
6117    ,1.25
6116    ,0.334
6115    ,0.488
6114    ,2.102
6113    ,1.956
6112    ,2.256
6111    ,1.43
6110    ,0.2
6109    ,0.858
6108    ,1.368
6107    ,0.6
6106    ,1.566
6105    ,1.03333333333333
6104    ,1.53333333333333
6103    ,1.86666666666667
6102    ,1.38666666666667
6101    ,1.225
6100    ,0.666666666666667
6099    ,1.63333333333333
6098    ,2.01285714285714
6097    ,0.357142857142857
6096    ,1.24428571428571
6095    ,0.475714285714286
6094    ,1.68571428571429
6093    ,1.82142857142857
6092    ,1.17142857142857
6091    ,1.52857142857143
6090    ,1.08
6089    ,0.884285714285714
6088    ,2.14
6087    ,2.02857142857143
6086    ,1.25571428571429
6085    ,0.975714285714286
6084    ,1.12571428571429
6083    ,1.54857142857143
6082    ,1.28571428571429
6081    ,0.815714285714286
6080    ,1.67285714285714
6079    ,1.31428571428571
6078    ,2.05142857142857
6077    ,2.31571428571429
6076    ,2.31142857142857
6075    ,1.01428571428571
6074    ,1.78571428571429
6073    ,1.54571428571429
6072    ,1.18428571428571
6071    ,2.02285714285714
6070    ,1.20428571428571
6069    ,1.94285714285714
6068    ,1.12
6067    ,1.85714285714286
6066    ,2.33714285714286
6065    ,1.83142857142857
6064    ,1.43857142857143
6063    ,1.27714285714286
6062    ,1.19
6061    ,0.74375
6060    ,0.933333333333333
6059    ,1.561
6058    ,1.687
6057    ,1.07636363636364
6056    ,1.32
6055    ,0.84
6054    ,1.1675
6053    ,1.27583333333333
6052    ,0.750714285714286
6051    ,0.588666666666667
6050    ,0.978947368421053
6049    ,1.32368421052632
6048    ,1.2895
6047    ,1.2975
6046    ,1.307
6045    ,1.12409090909091
6044    ,1.32458333333333
6043    ,1.1892
6042    ,0.8996
6041    ,1.3052
6040    ,1.336
6039    ,1.55192307692308
6038    ,1.93607142857143
6037    ,1.35714285714286
6036    ,1.47928571428571
6035    ,1.37290322580645
6034    ,1.0941935483871
6033    ,1.51545454545455
6032    ,1.33151515151515
6031    ,1.63828571428571
6030    ,1.46166666666667
6029    ,1.42444444444444
6028    ,1.60315789473684
6027    ,1.58975
6026    ,1.43119047619048
6025    ,1.83372093023256
6024    ,1.6265306122449
6023    ,1.88945454545455
6022    ,2.04206896551724
6021    ,1.83338709677419
6020    ,1.72046875
6019    ,1.75166666666667
6018    ,1.70135135135135
6017    ,1.92519480519481
6016    ,1.65938271604938
6015    ,2.08613636363636
6014    ,2.01284210526316
6013    ,2.1025
6012    ,2.06915887850467
6011    ,2.19058823529412
6010    ,2.1772794117647
6009    ,2.14496402877698
6008    ,2.27091549295775
6007    ,2.23885135135135
6006    ,2.18730263157895
6005    ,2.25391025641026
6004    ,2.07391304347826
6003    ,2.17485380116959
6002    ,2.13908108108108
6001    ,2.04526785714286
6000    ,2.02507633587786
5193    ,0
5192    ,0
5191    ,2
5190    ,0
5189    ,0
5188    ,2
5187    ,0
5186    ,3
5185    ,0
5184    ,2.64
5183    ,0
5182    ,3
5181    ,1.8
5180    ,2.5
5179    ,1
5178    ,0
5177    ,2.5
5176    ,3
5175    ,2.83
5174    ,2
5173    ,2.3
5172    ,1.67
5171    ,2
5170    ,0
5169    ,2.38
5168    ,0
5167    ,2
5166    ,2
5165    ,3.83
5164    ,0
5163    ,0
5162    ,0
5161    ,4
5160    ,2.67
5159    ,0
5158    ,2
5157    ,2.9
5156    ,2.75
5155    ,2.25
5154    ,1.2
5153    ,2.13
5152    ,1.8
5151    ,3
5150    ,2.4
5149    ,2
5148    ,0
5147    ,0
5146    ,1.5
5145    ,0
5144    ,0
5143    ,0
5142    ,0
5141    ,0.5
5140    ,1.5
5139    ,3.5
5138    ,1.58333333333333
5137    ,0.5
5136    ,0.9
5135    ,0.666666666666667
5134    ,0
5133    ,0.5
5132    ,1.125
5131    ,1.75
5130    ,2.4675
5129    ,1.8175
5128    ,1.25
5127    ,1.125
5126    ,1.5625
5125    ,2.9125
5124    ,1.75
5123    ,1.628
5122    ,1.16
5121    ,2.33333333333333
5120    ,1.11333333333333
5119    ,1.13333333333333
5118    ,1.63833333333333
5117    ,1.71166666666667
5116    ,1.23
5115    ,1.58333333333333
5114    ,1.14
5113    ,2.07666666666667
5112    ,1
5111    ,1.68857142857143
5110    ,1.45857142857143
5109    ,0.982857142857143
5108    ,1.33
5107    ,1.06
5106    ,0.375
5105    ,1.90625
5104    ,1.44625
5103    ,1.4775
5102    ,1.78
5101    ,2.18375
5100    ,1.25625
5099    ,0.615
5098    ,1.8275
5097    ,1.115
5096    ,1.1
5095    ,1.64909090909091
5094    ,1.53454545454545
5093    ,1.49909090909091
5092    ,1.92909090909091
5091    ,1.69454545454545
5090    ,1.77666666666667
5089    ,1.435
5088    ,0.974166666666667
5087    ,1.90833333333333
5086    ,0.832307692307692
5085    ,1.26692307692308
5084    ,1.21428571428571
5083    ,1.17
5082    ,1.10571428571429
5081    ,1.055625
5080    ,1.438125
5079    ,1.62588235294118
5078    ,1.68052631578947
5077    ,1.42409090909091
5076    ,1.69391304347826
5075    ,1.56291666666667
5074    ,1.25041666666667
5073    ,1.70269230769231
5072    ,1.74607142857143
5071    ,1.58071428571429
5070    ,1.88413793103448
5069    ,1.86
5068    ,1.38741935483871
5067    ,1.90818181818182
5066    ,1.63297297297297
5065    ,1.61027027027027
5064    ,1.69263157894737
5063    ,1.39675
5062    ,0.92275
5061    ,1.5305
5060    ,1.1206976744186
5059    ,1.66279069767442
5058    ,1.52021739130435
5057    ,1.1895652173913
5056    ,1.4004347826087
5055    ,1.45857142857143
5054    ,1.39
5053    ,1.55403846153846
5052    ,1.70781818181818
5051    ,1.61357142857143
5050    ,1.70733333333333
5049    ,1.51555555555556
5048    ,1.37454545454545
5047    ,1.62823529411765
5046    ,1.82171428571429
5045    ,1.30486111111111
5044    ,1.72986842105263
5043    ,1.530375
5042    ,1.02851851851852
5041    ,1.17414634146341
5040    ,1.02734939759036
5039    ,1.44348837209302
5038    ,1.35772727272727
5037    ,1.45663157894737
5036    ,1.45226804123711
5035    ,1.58481481481481
5034    ,1.61938596491228
5033    ,1.57888888888889
5032    ,1.83016806722689
5031    ,1.7590243902439
5030    ,1.74928571428571
5029    ,1.6718320610687
5028    ,1.66540740740741
5027    ,1.76929577464789
5026    ,1.91865771812081
5025    ,1.74194968553459
5024    ,1.81754385964912
5023    ,1.89708791208791
5022    ,1.80271794871795
5021    ,1.81072115384615
5020    ,1.74532110091743
5019    ,1.96317391304348
5018    ,1.83248979591837
5017    ,1.97168582375479
5016    ,1.95792727272727
5015    ,1.90639175257732
5014    ,1.93371428571429
5013    ,2.08897897897898
5012    ,2.01980337078652
5011    ,2.1225
5010    ,2.16354114713217
5009    ,2.23638954869359
5008    ,2.14836734693877
5007    ,2.18617391304348
5006    ,2.16184713375796
5005    ,2.20773930753564
5004    ,2.28509920634921
5003    ,2.22884836852207
5002    ,2.17439421338156
5001    ,2.13
5000    ,2.14345875542692
4400    ,0
4399    ,0
4398    ,0
4397    ,0
4396    ,0
4395    ,0
4394    ,2.08
4393    ,4
4392    ,0
4391    ,0
4390    ,0
4389    ,0
4388    ,0
4387    ,0
4386    ,0
4385    ,0
4384    ,0
4383    ,0
4382    ,0
4381    ,0
4380    ,0
4379    ,0
4378    ,2
4377    ,0
4376    ,0
4375    ,0
4374    ,0
4373    ,0
4372    ,0
4371    ,0
4370    ,0
4369    ,0
4368    ,0
4367    ,0
4366    ,0
4365    ,0
4364    ,0
4363    ,0
4362    ,0
4361    ,0
4360    ,0
4359    ,0
4358    ,0
4357    ,0
4356    ,0
4355    ,0
4354    ,0
4353    ,0
4352    ,0
4351    ,0
4350    ,1.5
4349    ,0
4348    ,0
4347    ,0
4346    ,0
4345    ,0
4344    ,0
4343    ,0
4342    ,0
4341    ,2
4340    ,2.2
4339    ,0
4338    ,3
4337    ,0
4336    ,0
4335    ,0
4334    ,0
4333    ,0
4332    ,0
4331    ,0
4330    ,0
4329    ,0
4328    ,0
4327    ,0
4326    ,0
4325    ,0
4324    ,0
4323    ,2.25
4322    ,0
4321    ,1.5
4320    ,0
4319    ,0
4318    ,0
4317    ,0
4316    ,0
4315    ,0
4314    ,0
4313    ,2
4312    ,0
4311    ,0
4310    ,0
4309    ,0
4308    ,0
4307    ,0
4306    ,0
4305    ,0
4304    ,1.5
4303    ,0
4302    ,0
4301    ,0
4300    ,0
4299    ,0
4298    ,0
4297    ,0
4296    ,0
4295    ,0
4294    ,0
4293    ,0
4292    ,0
4291    ,0
4290    ,0
4289    ,0
4288    ,0
4287    ,0
4286    ,0
4285    ,1.2
4284    ,1.3
4283    ,0
4282    ,1.375
4281    ,0
4280    ,0
4279    ,0
4278    ,0
4277    ,0
4276    ,1.125
4275    ,0
4274    ,0
4273    ,0
4272    ,0
4271    ,0
4270    ,0
4269    ,0
4268    ,0
4267    ,0
4266    ,0
4265    ,0
4264    ,0
4263    ,0
4262    ,1.21
4261    ,0
4260    ,0
4259    ,0
4258    ,1.25
4257    ,1.645
4256    ,0
4255    ,1
4254    ,0
4253    ,0
4252    ,0
4251    ,0
4250    ,1.83
4249    ,1.25
4248    ,2.75
4247    ,0
4246    ,2.105
4245    ,0.5
4244    ,1.5
4243    ,0.665
4242    ,1.5
4241    ,2.235
4240    ,1
4239    ,1
4238    ,1.045
4237    ,0
4236    ,1.42333333333333
4235    ,0
4234    ,0
4233    ,1.33333333333333
4232    ,0.666666666666667
4231    ,0
4230    ,0
4229    ,0
4228    ,0
4227    ,0.89
4226    ,0.666666666666667
4225    ,0.726666666666667
4224    ,1.33333333333333
4223    ,0.333333333333333
4222    ,0
4221    ,0.5
4220    ,0
4219    ,0
4218    ,0
4217    ,0
4216    ,0
4215    ,0
4214    ,0.633333333333333
4213    ,1.85
4212    ,1.20333333333333
4211    ,0.9725
4210    ,1.4125
4209    ,0.95
4208    ,1.345
4207    ,1.8375
4206    ,1.205
4205    ,1.7475
4204    ,1.8325
4203    ,0.4175
4202    ,0.6175
4201    ,0
4200    ,0.875
4199    ,0.75
4198    ,0.6875
4197    ,1.125
4196    ,0.62
4195    ,0.5425
4194    ,0.9575
4193    ,0.5775
4192    ,0
4191    ,0.52
4190    ,0.5825
4189    ,0.6425
4188    ,0.75
4187    ,0
4186    ,0
4185    ,0.5
4184    ,1.265
4183    ,1
4182    ,0.775
4181    ,1.375
4180    ,1
4179    ,1.34
4178    ,0.478333333333333
4177    ,1.375
4176    ,0.5
4175    ,0.321666666666667
4174    ,0.855
4173    ,1.76333333333333
4172    ,2.195
4171    ,1.44333333333333
4170    ,0.833333333333333
4169    ,0.445
4168    ,0.833333333333333
4167    ,0.666666666666667
4166    ,1.33333333333333
4165    ,0.771666666666667
4164    ,0.857142857142857
4163    ,1.64285714285714
4162    ,0
4161    ,0.614285714285714
4160    ,0.571428571428571
4159    ,0
4158    ,0.142857142857143
4157    ,0
4156    ,0.342857142857143
4155    ,1.28571428571429
4154    ,0.3125
4153    ,1.05625
4152    ,0.58
4151    ,0.61375
4150    ,0.513333333333333
4149    ,0.296666666666667
4148    ,1.575
4147    ,1.476
4146    ,1.7
4145    ,1.034
4144    ,1.032
4143    ,1
4142    ,1.19
4141    ,1.384
4140    ,1.451
4139    ,1.263
4138    ,1.087
4137    ,0.613636363636364
4136    ,0.772727272727273
4135    ,0.763076923076923
4134    ,1.08461538461538
4133    ,0.8625
4132    ,0.9775
4131    ,1.016875
4130    ,1.45
4129    ,0.996315789473684
4128    ,0.805263157894737
4127    ,0.8235
4126    ,0.983809523809524
4125    ,1.39190476190476
4124    ,1.10761904761905
4123    ,1.02681818181818
4122    ,1.13695652173913
4121    ,1.30130434782609
4120    ,0.905652173913043
4119    ,1.40826086956522
4118    ,1.19576923076923
4117    ,1.22148148148148
4116    ,1.1137037037037
4115    ,1.39178571428571
4114    ,1.13892857142857
4113    ,1.28571428571429
4112    ,0.985517241379311
4111    ,1.56965517241379
4110    ,1.22833333333333
4109    ,0.911290322580645
4108    ,1.46787878787879
4107    ,1.30363636363636
4106    ,1.42382352941176
4105    ,1.49416666666667
4104    ,1.3527027027027
4103    ,1.43368421052632
4102    ,1.02435897435897
4101    ,1.88761904761905
4100    ,1.34404761904762
4099    ,1.40130434782609
4098    ,1.46152173913043
4097    ,1.65897959183673
4096    ,1.32745098039216
4095    ,1.48454545454545
4094    ,1.035
4093    ,1.61186440677966
4092    ,1.262
4091    ,1.23612903225806
4090    ,1.45140625
4089    ,1.35815384615385
4088    ,1.03015151515152
4087    ,1.29940298507463
4086    ,1.32955223880597
4085    ,1.33808823529412
4084    ,1.24971014492754
4083    ,1.01830985915493
4082    ,1.36397435897436
4081    ,1.08316455696203
4080    ,1.3944578313253
4079    ,1.3956976744186
4078    ,1.32459770114943
4077    ,1.44125
4076    ,1.3467032967033
4075    ,1.36925531914894
4074    ,1.07354166666667
4073    ,1.41530612244898
4072    ,1.3674
4071    ,1.46352941176471
4070    ,1.44067961165049
4069    ,1.45654545454545
4068    ,1.40830357142857
4067    ,1.21931034482759
4066    ,1.08313559322034
4065    ,1.27081300813008
4064    ,1.22792
4063    ,1.26901515151515
4062    ,1.60466666666667
4061    ,1.36007299270073
4060    ,1.37264285714286
4059    ,1.39923611111111
4058    ,1.30746575342466
4057    ,1.48941935483871
4056    ,1.39314465408805
4055    ,1.54567073170732
4054    ,1.38335260115607
4053    ,1.43421348314607
4052    ,1.53950276243094
4051    ,1.61163043478261
4050    ,1.26691891891892
4049    ,1.47962962962963
4048    ,1.55609137055838
4047    ,1.51694581280788
4046    ,1.45354066985646
4045    ,1.6924882629108
4044    ,1.44119815668203
4043    ,1.44759825327511
4042    ,1.38936170212766
4041    ,1.54465306122449
4040    ,1.56503968253968
4039    ,1.49825095057034
4038    ,1.53531365313653
4037    ,1.52574468085106
4036    ,1.5715625
4035    ,1.68291390728477
4034    ,1.65193146417445
4033    ,1.75620895522388
4032    ,1.68401129943503
4031    ,1.64630434782609
4030    ,1.80616797900262
4029    ,1.78179028132992
4028    ,1.7663523573201
4027    ,1.74063981042654
4026    ,1.80460317460317
4025    ,1.77498910675381
4024    ,1.78595918367347
4023    ,1.7644861660079
4022    ,1.82045977011494
4021    ,1.93744144144144
4020    ,1.84143581081081
4019    ,2.04052969502408
4018    ,1.96532428355958
4017    ,1.96710413694722
4016    ,2.01572199730095
4015    ,1.95654430379747
4014    ,1.98250909090909
4013    ,2.08921945701358
4012    ,2.06191765980498
4011    ,2.06045643153527
4010    ,2.13800200803213
4009    ,2.11530259365994
4008    ,2.18934320074006
4007    ,2.19484042553192
4006    ,2.17537275064267
4005    ,2.23231458842706
4004    ,2.16728853754941
4003    ,2.16250947687642
4002    ,2.16395184135978
4001    ,2.17816593886463
4000    ,2.17497942386831
3376    ,0
3375    ,0
3374    ,0
3373    ,0
3372    ,0
3371    ,0
3370    ,0
3369    ,0
3368    ,2.5
3367    ,1
3366    ,0
3365    ,0
3364    ,0
3363    ,0
3362    ,0
3361    ,3.75
3360    ,0
3359    ,0
3358    ,0
3357    ,2.5
3356    ,0
3355    ,0
3354    ,2
3353    ,2.25
3352    ,4
3351    ,0
3350    ,0
3349    ,2.67
3348    ,0
3347    ,1.67
3346    ,0
3345    ,0
3344    ,0
3343    ,0
3342    ,0
3341    ,0
3340    ,1
3339    ,0
3338    ,1
3337    ,0
3336    ,0
3335    ,0
3334    ,0
3333    ,1
3332    ,3
3331    ,0
3330    ,2
3329    ,0
3328    ,0
3327    ,0
3326    ,2.33
3325    ,3.71
3324    ,1
3323    ,2
3322    ,2.67
3321    ,0
3320    ,2
3319    ,0
3318    ,1
3317    ,0
3316    ,2
3315    ,0
3314    ,2.33
3313    ,2
3312    ,1.83
3311    ,2
3310    ,0
3309    ,0
3308    ,0
3307    ,3
3306    ,0
3305    ,0
3304    ,4
3303    ,0
3302    ,0
3301    ,0
3300    ,0
3299    ,0
3298    ,2
3297    ,1
3296    ,1
3295    ,1.5
3294    ,0
3293    ,0
3292    ,0
3291    ,0
3290    ,0
3289    ,0
3288    ,2
3287    ,0
3286    ,0
3285    ,0
3284    ,0
3283    ,0
3282    ,0
3281    ,0
3280    ,0
3279    ,0
3278    ,0
3277    ,1
3276    ,0
3275    ,0
3274    ,1
3273    ,0
3272    ,3.67
3271    ,2
3270    ,0
3269    ,0
3268    ,1.5
3267    ,0
3266    ,0
3265    ,0
3264    ,0
3263    ,3.25
3262    ,1
3261    ,1
3260    ,0
3259    ,0
3258    ,1
3257    ,0
3256    ,1.5
3255    ,1
3254    ,0
3253    ,0
3252    ,0
3251    ,0
3250    ,0
3249    ,0.835
3248    ,0.665
3247    ,0
3246    ,1.225
3245    ,1.375
3244    ,1
3243    ,1.165
3242    ,1
3241    ,0
3240    ,1
3239    ,0.5
3238    ,0
3237    ,3
3236    ,0
3235    ,2.5
3234    ,2.5
3233    ,1.065
3232    ,1.625
3231    ,0
3230    ,0
3229    ,0
3228    ,0
3227    ,0
3226    ,0
3225    ,1.5
3224    ,0
3223    ,0
3222    ,0
3221    ,0
3220    ,1.5
3219    ,0.75
3218    ,0.666666666666667
3217    ,1.2
3216    ,1.64
3215    ,0
3214    ,0.8
3213    ,1.22333333333333
3212    ,0.666666666666667
3211    ,0
3210    ,1
3209    ,0
3208    ,1.16666666666667
3207    ,1.56333333333333
3206    ,1.28333333333333
3205    ,0.666666666666667
3204    ,1
3203    ,1.44333333333333
3202    ,1.58333333333333
3201    ,1.27666666666667
3200    ,0.843333333333333
3199    ,0.583333333333333
3198    ,0.6
3197    ,0.666666666666667
3196    ,0
3195    ,1.45333333333333
3194    ,0.5
3193    ,1.5
3192    ,0.5
3191    ,0.666666666666667
3190    ,0.333333333333333
3189    ,0.52
3188    ,0
3187    ,0.875
3186    ,0
3185    ,0.605
3184    ,1.245
3183    ,0.791666666666667
3182    ,1.02166666666667
3181    ,0.908333333333333
3180    ,0.857142857142857
3179    ,0.285714285714286
3178    ,0.571428571428571
3177    ,1.20125
3176    ,1.3825
3175    ,0.5725
3174    ,0.875
3173    ,1.2875
3172    ,1.30375
3171    ,1.51888888888889
3170    ,0.681818181818182
3169    ,0.986666666666667
3168    ,1.21538461538462
3167    ,0.474615384615385
3166    ,1.22384615384615
3165    ,0.426923076923077
3164    ,0.714615384615385
3163    ,1.13153846153846
3162    ,1.346
3161    ,1.42866666666667
3160    ,1.03133333333333
3159    ,0.61125
3158    ,0.958125
3157    ,1.14411764705882
3156    ,1.24647058823529
3155    ,0.884444444444444
3154    ,0.415263157894737
3153    ,1.0375
3152    ,1.065
3151    ,0.95
3150    ,0.714285714285714
3149    ,1.18590909090909
3148    ,0.745454545454546
3147    ,1.09772727272727
3146    ,0.877826086956522
3145    ,1.1936
3144    ,1.43076923076923
3143    ,1.08653846153846
3142    ,1.50153846153846
3141    ,0.853076923076923
3140    ,0.991153846153846
3139    ,1.17076923076923
3138    ,1.13730769230769
3137    ,0.966296296296296
3136    ,0.957777777777778
3135    ,1.08
3134    ,1.48678571428571
3133    ,0.753214285714286
3132    ,1.04310344827586
3131    ,1.24424242424242
3130    ,1.14060606060606
3129    ,0.853235294117647
3128    ,1.01918918918919
3127    ,1.21512820512821
3126    ,1.17307692307692
3125    ,0.82125
3124    ,1.12441860465116
3123    ,1.38444444444444
3122    ,0.959111111111111
3121    ,1.00533333333333
3120    ,1.29875
3119    ,0.985490196078431
3118    ,1.09188679245283
3117    ,1.16818181818182
3116    ,1.06087719298246
3115    ,0.88719298245614
3114    ,0.873965517241379
3113    ,1.08620689655172
3112    ,1.45916666666667
3111    ,1.36322580645161
3110    ,1.28793650793651
3109    ,1.34261538461538
3108    ,1.50432835820896
3107    ,1.35470588235294
3106    ,1.03802816901408
3105    ,1.27078947368421
3104    ,1.29947368421053
3103    ,1.31948051948052
3102    ,1.4579746835443
3101    ,1.353375
3100    ,1.29271604938272
3099    ,1.37666666666667
3098    ,1.11458823529412
3097    ,1.26666666666667
3096    ,1.33408602150538
3095    ,1.56208333333333
3094    ,1.32371134020619
3093    ,1.4817
3092    ,1.27223300970874
3091    ,1.29448598130841
3090    ,1.20628318584071
3089    ,1.25869565217391
3088    ,1.05452173913043
3087    ,1.2956779661017
3086    ,1.32371900826446
3085    ,1.37258064516129
3084    ,1.44753846153846
3083    ,1.35082089552239
3082    ,1.43049645390071
3081    ,1.13255172413793
3080    ,1.22797385620915
3079    ,1.27238709677419
3078    ,1.30345679012346
3077    ,1.10686746987952
3076    ,1.28065476190476
3075    ,1.32333333333333
3074    ,1.445
3073    ,1.41785714285714
3072    ,1.59401069518717
3071    ,1.52984210526316
3070    ,1.49230769230769
3069    ,1.26621890547264
3068    ,1.46735576923077
3067    ,1.56511627906977
3066    ,1.4972972972973
3065    ,1.47832599118943
3064    ,1.47628205128205
3063    ,1.56092050209205
3062    ,1.39314285714286
3061    ,1.31067193675889
3060    ,1.40722007722008
3059    ,1.62070895522388
3058    ,1.53592057761733
3057    ,1.56
3056    ,1.47446735395189
3055    ,1.55535117056856
3054    ,1.49176282051282
3053    ,1.42931888544892
3052    ,1.46553191489362
3051    ,1.63970760233918
3050    ,1.57988668555241
3049    ,1.65241758241758
3048    ,1.56724137931035
3047    ,1.50338461538461
3046    ,1.58282115869018
3045    ,1.51882063882064
3044    ,1.61623501199041
3043    ,1.64857142857143
3042    ,1.69763097949886
3041    ,1.67198660714286
3040    ,1.5647965738758
3039    ,1.58173913043478
3038    ,1.60248508946322
3037    ,1.67250950570342
3036    ,1.75968864468864
3035    ,1.74070546737213
3034    ,1.66513745704467
3033    ,1.77534338358459
3032    ,1.70951612903226
3031    ,1.84450617283951
3030    ,1.76908689248896
3029    ,1.7211914893617
3028    ,1.79440379403794
3027    ,1.73084291187739
3026    ,1.75775184275184
3025    ,1.8426
3024    ,1.84053811659193
3023    ,1.88987288135593
3022    ,1.91815815815816
3021    ,1.88243114909782
3020    ,1.93947558770344
3019    ,1.95316057774002
3018    ,1.99642508143323
3017    ,1.96645914396887
3016    ,1.94045891931902
3015    ,1.9857586450247
3014    ,1.97056565656566
3013    ,2.03768690095847
3012    ,2.0713630880579
3011    ,2.07085351787774
3010    ,2.10916207276736
3009    ,2.14544926004229
3008    ,2.13212550607288
3007    ,2.16180892337536
3006    ,2.1887400839944
3005    ,2.19837538733953
3004    ,2.19208885091841
3003    ,2.1957875751503
3002    ,2.21355053683821
3001    ,2.23619605219136
3000    ,2.19025024061598
2403    ,0
2402    ,0
2401    ,0
2400    ,0
2399    ,0
2398    ,0
2397    ,0
2396    ,0
2395    ,0
2394    ,0
2393    ,0
2392    ,0
2391    ,0
2390    ,0
2389    ,0
2388    ,3.5
2387    ,0
2386    ,0
2385    ,0
2384    ,0
2383    ,0
2382    ,0
2381    ,0
2380    ,0
2379    ,0
2378    ,4
2377    ,0
2376    ,0
2375    ,0
2374    ,0
2373    ,1.5
2372    ,2
2371    ,2.67
2370    ,1.5
2369    ,1.75
2368    ,0
2367    ,0
2366    ,0
2365    ,2.18
2364    ,0
2363    ,0
2362    ,0
2361    ,0
2360    ,0
2359    ,0
2358    ,0
2357    ,0
2356    ,0
2355    ,0
2354    ,0
2353    ,0
2352    ,0
2351    ,0
2350    ,0
2349    ,0
2348    ,0
2347    ,0
2346    ,0
2345    ,0
2344    ,0
2343    ,0
2342    ,0
2341    ,0
2340    ,0
2339    ,0
2338    ,0
2337    ,0
2336    ,0
2335    ,0
2334    ,0
2333    ,0
2332    ,0
2331    ,0
2330    ,0
2329    ,0
2328    ,0
2327    ,0
2326    ,0
2325    ,0
2324    ,1
2323    ,2
2322    ,0
2321    ,2.5
2320    ,0
2319    ,0
2318    ,0
2317    ,0
2316    ,0
2315    ,0
2314    ,0
2313    ,0
2312    ,0
2311    ,0
2310    ,0
2309    ,0
2308    ,0
2307    ,0
2306    ,0
2305    ,0
2304    ,2.835
2303    ,0
2302    ,0
2301    ,0
2300    ,0
2299    ,0.625
2298    ,1.585
2297    ,0
2296    ,0.666666666666667
2295    ,0
2294    ,0.5
2293    ,0
2292    ,0
2291    ,0
2290    ,0.6675
2289    ,0.375
2288    ,0.3325
2287    ,0
2286    ,1.25
2285    ,0.36
2284    ,1.25
2283    ,0.75
2282    ,1.436
2281    ,0.92
2280    ,1.458
2279    ,1.732
2278    ,0.95
2277    ,0.8
2276    ,1.056
2275    ,1.234
2274    ,0
2273    ,1.12
2272    ,1.114
2271    ,1.354
2270    ,0.4
2269    ,1
2268    ,2.002
2267    ,1.234
2266    ,1.21
2265    ,0
2264    ,1.672
2263    ,2.78
2262    ,1.888
2261    ,1.266
2260    ,0.868333333333333
2259    ,0.166666666666667
2258    ,1.55333333333333
2257    ,1.23833333333333
2256    ,1.21666666666667
2255    ,1.47142857142857
2254    ,1.61142857142857
2253    ,0.904285714285714
2252    ,1.2325
2251    ,0.5
2250    ,0.65
2249    ,1.7325
2248    ,1.75625
2247    ,1.34875
2246    ,0.9925
2245    ,1.48222222222222
2244    ,0.748888888888889
2243    ,0.592222222222222
2242    ,0.571111111111111
2241    ,0.682
2240    ,0.55
2239    ,1.196
2238    ,0.65
2237    ,0.766
2236    ,0.625
2235    ,0
2234    ,0.56
2233    ,0.738
2232    ,0.605
2231    ,0.6
2230    ,0.481
2229    ,0
2228    ,0.643
2227    ,0.533
2226    ,0.95
2225    ,0.207
2224    ,0.688
2223    ,0.548181818181818
2222    ,0.697272727272727
2221    ,0.497272727272727
2220    ,0.8
2219    ,0.527272727272727
2218    ,0.363636363636364
2217    ,1.03181818181818
2216    ,0.727272727272727
2215    ,0.545454545454545
2214    ,0.242727272727273
2213    ,0.742727272727273
2212    ,0.427272727272727
2211    ,0.398181818181818
2210    ,0.733636363636364
2209    ,0.718333333333333
2208    ,0.463846153846154
2207    ,0.687857142857143
2206    ,1.11214285714286
2205    ,0.698571428571429
2204    ,0.655714285714286
2203    ,0.85
2202    ,0.718571428571429
2201    ,0.715714285714286
2200    ,0.476428571428571
2199    ,0.692666666666667
2198    ,1.05333333333333
2197    ,0.938666666666667
2196    ,0.722
2195    ,0.711875
2194    ,0.981875
2193    ,0.703125
2192    ,0.845
2191    ,0.39375
2190    ,0.3125
2189    ,0.572105263157895
2188    ,1.38421052631579
2187    ,0.9505
2186    ,0.3665
2185    ,0.8905
2184    ,1.0675
2183    ,0.3565
2182    ,0.5445
2181    ,1.2155
2180    ,0.895238095238095
2179    ,1.24809523809524
2178    ,1.15714285714286
2177    ,1.08
2176    ,0.824782608695652
2175    ,1.06041666666667
2174    ,0.819166666666667
2173    ,0.672916666666667
2172    ,0.920833333333333
2171    ,0.62
2170    ,1.11416666666667
2169    ,0.679166666666667
2168    ,0.711666666666667
2167    ,0.827916666666667
2166    ,0.513333333333333
2165    ,1.1868
2164    ,0.908
2163    ,1.52076923076923
2162    ,0.825185185185185
2161    ,1.11035714285714
2160    ,1.12172413793103
2159    ,1.04448275862069
2158    ,1.07133333333333
2157    ,1.20766666666667
2156    ,1.234375
2155    ,1.331875
2154    ,1.44484848484848
2153    ,1.55264705882353
2152    ,1.17142857142857
2151    ,0.847837837837838
2150    ,0.856578947368421
2149    ,1.18475
2148    ,1.27025
2147    ,1.19219512195122
2146    ,1.28095238095238
2145    ,1.33904761904762
2144    ,1.27
2143    ,1.46909090909091
2142    ,0.917291666666667
2141    ,1.48612244897959
2140    ,1.19061224489796
2139    ,1.06
2138    ,0.982352941176471
2137    ,1.37294117647059
2136    ,1.14056603773585
2135    ,1.01833333333333
2134    ,1.40357142857143
2133    ,1.29067796610169
2132    ,1.22932203389831
2131    ,1.45593220338983
2130    ,1.35096774193548
2129    ,1.36825396825397
2128    ,1.29348484848485
2127    ,1.03537313432836
2126    ,1.36029411764706
2125    ,1.10507246376812
2124    ,1.42287671232877
2123    ,1.31605263157895
2122    ,1.32092105263158
2121    ,1.10730769230769
2120    ,1.22544303797468
2119    ,1.2879012345679
2118    ,1.34792682926829
2117    ,1.21858823529412
2116    ,1.33682352941176
2115    ,1.48406976744186
2114    ,1.3614606741573
2113    ,1.27674157303371
2112    ,1.26333333333333
2111    ,1.40260869565217
2110    ,1.26154639175258
2109    ,1.21357142857143
2108    ,1.32362745098039
2107    ,1.20742857142857
2106    ,1.40779816513761
2105    ,1.44720720720721
2104    ,1.53598214285714
2103    ,1.22902654867257
2102    ,1.17152542372881
2101    ,1.48193548387097
2100    ,1.30538461538462
2099    ,1.30540740740741
2098    ,1.34364285714286
2097    ,1.20288732394366
2096    ,1.30916083916084
2095    ,1.25059602649007
2094    ,1.27294117647059
2093    ,1.38924050632911
2092    ,1.50123456790123
2091    ,1.36128834355828
2090    ,1.23461988304094
2089    ,1.38950276243094
2088    ,1.25811827956989
2087    ,1.41586387434555
2086    ,1.38764102564103
2085    ,1.3076
2084    ,1.4416425120773
2083    ,1.57390476190476
2082    ,1.31032407407407
2081    ,1.31800884955752
2080    ,1.51753246753247
2079    ,1.32020920502092
2078    ,1.43012396694215
2077    ,1.46914979757085
2076    ,1.41688715953307
2075    ,1.40343511450382
2074    ,1.50279850746269
2073    ,1.43302919708029
2072    ,1.40039145907473
2071    ,1.54306620209059
2070    ,1.36099315068493
2069    ,1.61817275747508
2068    ,1.45464516129032
2067    ,1.504125
2066    ,1.29539634146341
2065    ,1.53185074626866
2064    ,1.53488304093567
2063    ,1.55264367816092
2062    ,1.38655462184874
2061    ,1.50972826086956
2060    ,1.41210666666667
2059    ,1.48674540682415
2058    ,1.48517766497462
2057    ,1.48163814180929
2056    ,1.49874698795181
2055    ,1.41046728971962
2054    ,1.53711363636364
2053    ,1.40051111111111
2052    ,1.50778260869565
2051    ,1.61138004246284
2050    ,1.47812627291242
2049    ,1.50121513944223
2048    ,1.55536259541985
2047    ,1.52369202226345
2046    ,1.54564373897707
2045    ,1.6575
2044    ,1.62702521008403
2043    ,1.67694174757282
2042    ,1.68063492063492
2041    ,1.6755486862442
2040    ,1.69998511904762
2039    ,1.69866762177651
2038    ,1.62279229711142
2037    ,1.72375675675676
2036    ,1.69434159061278
2035    ,1.69468905472637
2034    ,1.77039520958084
2033    ,1.63671981776765
2032    ,1.63907590759076
2031    ,1.70184404636459
2030    ,1.70496932515338
2029    ,1.738994140625
2028    ,1.72048103607771
2027    ,1.74780229479259
2026    ,1.74807919123842
2025    ,1.84861650485437
2024    ,1.79699767261443
2023    ,1.80942307692308
2022    ,1.86467132867133
2021    ,1.84033400133601
2020    ,1.94759897828864
2019    ,1.89863221884499
2018    ,1.96384881708021
2017    ,1.95324339207049
2016    ,2.022935297212
2015    ,2.01015060240964
2014    ,2.03173333333334
2013    ,2.02236902050114
2012    ,2.07599912739965
2011    ,2.11757285595337
2010    ,2.08393084260732
2009    ,2.12005351681958
2008    ,2.14780976676385
2007    ,2.19339896373058
2006    ,2.14918360655738
2005    ,2.16445838433293
2004    ,2.18999417927823
2003    ,2.24675493109971
2002    ,2.25135849056604
2001    ,2.24792465911717
2000    ,2.1849619346171
1584    ,0
1583    ,0
1582    ,0
1581    ,0
1580    ,0
1579    ,0
1578    ,0
1577    ,0
1576    ,0
1575    ,0
1574    ,0
1573    ,0
1572    ,0
1571    ,0
1570    ,0
1569    ,0
1568    ,0
1567    ,0
1566    ,1
1565    ,0
1564    ,0
1563    ,0
1562    ,0
1561    ,0
1560    ,0
1559    ,0
1558    ,0
1557    ,0
1556    ,0
1555    ,0
1554    ,0
1553    ,0
1552    ,0
1551    ,0
1550    ,0
1549    ,0
1548    ,0
1547    ,0
1546    ,0
1545    ,0
1544    ,0
1543    ,0
1542    ,0
1541    ,0
1540    ,0
1539    ,0
1538    ,0
1537    ,2
1536    ,0
1535    ,1.67
1534    ,0
1533    ,0
1532    ,0
1531    ,1
1530    ,0
1529    ,0
1528    ,0
1527    ,0
1526    ,3
1525    ,0
1524    ,0
1523    ,3
1522    ,1.86
1521    ,0
1520    ,0
1519    ,0
1518    ,0
1517    ,1.75
1516    ,0
1515    ,0
1514    ,0
1513    ,0
1512    ,0
1511    ,0
1510    ,2
1509    ,0
1508    ,0
1507    ,0
1506    ,0
1505    ,0
1504    ,0
1503    ,0
1502    ,2
1501    ,0
1500    ,0
1499    ,0
1498    ,2
1497    ,2
1496    ,0
1495    ,0
1494    ,0
1493    ,0
1492    ,0
1491    ,0
1490    ,0
1489    ,0
1488    ,2
1487    ,0
1486    ,0
1485    ,4
1484    ,2.25
1483    ,0
1482    ,0
1481    ,0
1480    ,0
1479    ,1
1478    ,0
1477    ,0
1476    ,0
1475    ,0
1474    ,1
1473    ,4
1472    ,1.67
1471    ,1.67
1470    ,2.63
1469    ,1.8
1468    ,5
1467    ,0
1466    ,3.25
1465    ,0
1464    ,2.48
1463    ,0
1462    ,0
1461    ,0
1460    ,1.5
1459    ,0
1458    ,0
1457    ,0
1456    ,0
1455    ,0
1454    ,0
1453    ,0
1452    ,0
1451    ,0
1450    ,0
1449    ,1.4
1448    ,1.5
1447    ,0
1446    ,2
1445    ,0
1444    ,0
1443    ,2
1442    ,0
1441    ,1.67
1440    ,2.75
1439    ,0
1438    ,2.43
1437    ,2
1436    ,0
1435    ,0
1434    ,0
1433    ,0
1432    ,0
1431    ,3.5
1430    ,0
1429    ,0
1428    ,0
1427    ,2.5
1426    ,2.5
1425    ,0
1424    ,0
1423    ,1.67
1422    ,0
1421    ,0
1420    ,2
1419    ,1
1418    ,0
1417    ,0
1416    ,0
1415    ,0
1414    ,0
1413    ,0
1412    ,0
1411    ,0
1410    ,0
1409    ,0
1408    ,0
1407    ,0
1406    ,0
1405    ,0
1404    ,0
1403    ,0
1402    ,0
1401    ,0
1400    ,0
1399    ,0
1398    ,0
1397    ,0
1396    ,0
1395    ,0
1394    ,0
1393    ,0
1392    ,0
1391    ,0
1390    ,0
1389    ,0
1388    ,0
1387    ,0
1386    ,0
1385    ,0.333333333333333
1384    ,0
1383    ,0
1382    ,0
1381    ,0
1380    ,0
1379    ,0
1378    ,0
1377    ,0
1376    ,0
1375    ,0.666666666666667
1374    ,0
1373    ,0
1372    ,0.776666666666667
1371    ,0
1370    ,0
1369    ,1
1368    ,0.75
1367    ,0
1366    ,0
1365    ,0
1364    ,0
1363    ,0.556666666666667
1362    ,0.62
1361    ,0.776666666666667
1360    ,0
1359    ,0
1358    ,0
1357    ,0.62
1356    ,0.813333333333333
1355    ,0.666666666666667
1354    ,1.16666666666667
1353    ,0.626666666666667
1352    ,0
1351    ,0
1350    ,0
1349    ,0
1348    ,0
1347    ,0
1346    ,0.776666666666667
1345    ,0
1344    ,0.763333333333333
1343    ,0.533333333333333
1342    ,0
1341    ,0
1340    ,0.61
1339    ,0.776666666666667
1338    ,0.48
1337    ,0.5275
1336    ,0
1335    ,0.6675
1334    ,0
1333    ,0
1332    ,0
1331    ,0
1330    ,0
1329    ,0
1328    ,0.75
1327    ,0
1326    ,0
1325    ,0.75
1324    ,0
1323    ,0.4625
1322    ,0.55
1321    ,0.3125
1320    ,0
1319    ,0.25
1318    ,0.5
1317    ,0.5
1316    ,0
1315    ,0
1314    ,0.5
1313    ,0.4375
1312    ,0.5
1311    ,0
1310    ,0.5
1309    ,0
1308    ,0.5425
1307    ,0
1306    ,1
1305    ,1
1304    ,0
1303    ,0.5
1302    ,0
1301    ,0
1300    ,0
1299    ,0
1298    ,0.25
1297    ,0
1296    ,0
1295    ,0.25
1294    ,0
1293    ,0
1292    ,0
1291    ,0.5
1290    ,0
1289    ,0
1288    ,0
1287    ,0.6
1286    ,0
1285    ,0.45
1284    ,0
1283    ,0
1282    ,0
1281    ,0
1280    ,0
1279    ,0.4
1278    ,0.372
1277    ,0.408
1276    ,0
1275    ,0.4
1274    ,0.4
1273    ,1
1272    ,0.342
1271    ,0
1270    ,0.583333333333333
1269    ,0.75
1268    ,1.16666666666667
1267    ,0.333333333333333
1266    ,0
1265    ,0.25
1264    ,0
1263    ,0
1262    ,0
1261    ,0
1260    ,0
1259    ,0
1258    ,0.5
1257    ,0.333333333333333
1256    ,0
1255    ,0.285714285714286
1254    ,0.285714285714286
1253    ,0.642857142857143
1252    ,0.327142857142857
1251    ,0
1250    ,0.99375
1249    ,0.25
1248    ,0
1247    ,0
1246    ,0.125
1245    ,0
1244    ,0
1243    ,0
1242    ,0.555555555555556
1241    ,0.166666666666667
1240    ,0
1239    ,1.216
1238    ,0.95
1237    ,0.715
1236    ,0.164
1235    ,0.547
1234    ,0.3
1233    ,0.722
1232    ,0.4
1231    ,0.15
1230    ,0.783
1229    ,0.26
1228    ,0.44
1227    ,0.25
1226    ,0.66
1225    ,0.4
1224    ,1
1223    ,0.46
1222    ,0.225
1221    ,0.926
1220    ,0.363636363636364
1219    ,0.613636363636364
1218    ,0.355454545454545
1217    ,0.379090909090909
1216    ,0.0909090909090909
1215    ,0.166363636363636
1214    ,0.318181818181818
1213    ,0.195454545454545
1212    ,0.681818181818182
1211    ,0
1210    ,0
1209    ,0.757272727272727
1208    ,0.836363636363636
1207    ,0.757333333333333
1206    ,0.577333333333333
1205    ,0.3125
1204    ,0.539375
1203    ,0.4875
1202    ,0.635625
1201    ,0.576470588235294
1200    ,1.31764705882353
1199    ,0.405882352941176
1198    ,0.294117647058824
1197    ,0.970588235294118
1196    ,0.825789473684211
1195    ,0.8335
1194    ,0.294
1193    ,0.946
1192    ,1.276
1191    ,0.675238095238095
1190    ,0.902857142857143
1189    ,1.24545454545455
1188    ,0.495909090909091
1187    ,0.869545454545455
1186    ,0.985454545454545
1185    ,0.456521739130435
1184    ,0.910416666666667
1183    ,0.802083333333333
1182    ,0.737916666666667
1181    ,0.97375
1180    ,1.13791666666667
1179    ,0.9688
1178    ,0.879230769230769
1177    ,1.05923076923077
1176    ,0.998214285714286
1175    ,0.994827586206897
1174    ,1.25
1173    ,0.780967741935484
1172    ,0.6125
1171    ,0.81375
1170    ,1.1678125
1169    ,0.7534375
1168    ,0.644242424242424
1167    ,1.00833333333333
1166    ,1.24027777777778
1165    ,0.908611111111111
1164    ,0.6
1163    ,0.976944444444445
1162    ,0.973888888888889
1161    ,0.926944444444444
1160    ,0.973513513513513
1159    ,0.995945945945946
1158    ,0.905128205128205
1157    ,1.24048780487805
1156    ,0.843333333333333
1155    ,1.04533333333333
1154    ,1.09022222222222
1153    ,0.857333333333333
1152    ,0.988260869565217
1151    ,0.99468085106383
1150    ,0.743333333333333
1149    ,0.769583333333333
1148    ,1.1643137254902
1147    ,0.936666666666667
1146    ,1.07923076923077
1145    ,1.16905660377359
1144    ,1.02732142857143
1143    ,1.06620689655172
1142    ,1.07864406779661
1141    ,1.1683606557377
1140    ,1.01936507936508
1139    ,1.11484375
1138    ,1.27215384615385
1137    ,1.21923076923077
1136    ,1.09238805970149
1135    ,0.992394366197183
1134    ,0.971066666666667
1133    ,1.06454545454545
1132    ,1.03632911392405
1131    ,0.880759493670886
1130    ,0.930952380952381
1129    ,1.14188235294118
1128    ,0.87551724137931
1127    ,1.00056179775281
1126    ,0.984831460674157
1125    ,1.13978723404255
1124    ,1.29315789473684
1123    ,0.946732673267327
1122    ,1.16411764705882
1121    ,1.11864077669903
1120    ,0.997115384615385
1119    ,0.964636363636364
1118    ,0.971858407079646
1117    ,0.991652173913043
1116    ,0.931487603305785
1115    ,1.08581967213115
1114    ,0.994098360655738
1113    ,1.04544715447154
1112    ,1.26632
1111    ,1.27045454545455
1110    ,1.35610294117647
1109    ,1.2765
1108    ,1.55683098591549
1107    ,1.15140845070423
1106    ,1.0158904109589
1105    ,1.27850649350649
1104    ,1.15872611464968
1103    ,1.28352201257862
1102    ,1.42312883435583
1101    ,1.3402380952381
1100    ,1.41829545454545
1099    ,1.33710382513661
1098    ,1.3483422459893
1097    ,1.19873096446701
1096    ,1.35886699507389
1095    ,1.51780952380952
1094    ,1.42065727699531
1093    ,1.32293577981651
1092    ,1.49588495575221
1091    ,1.29961038961039
1090    ,1.371125
1089    ,1.32827309236948
1088    ,1.42948818897638
1087    ,1.39907692307692
1086    ,1.38084870848709
1085    ,1.53672597864769
1084    ,1.33121107266436
1083    ,1.35179054054054
1082    ,1.30156146179402
1081    ,1.39535947712418
1080    ,1.39438095238095
1079    ,1.4355
1078    ,1.40356923076923
1077    ,1.33878048780488
1076    ,1.27587020648968
1075    ,1.25523255813953
1074    ,1.30518624641834
1073    ,1.37558333333333
1072    ,1.44382749326146
1071    ,1.36764397905759
1070    ,1.4108717948718
1069    ,1.4173
1068    ,1.39549019607843
1067    ,1.4781861575179
1066    ,1.35763466042155
1065    ,1.40707482993197
1064    ,1.37314031180401
1063    ,1.49157894736842
1062    ,1.40165236051502
1061    ,1.54289583333333
1060    ,1.475140562249
1059    ,1.45251953125
1058    ,1.41329523809524
1057    ,1.47777570093458
1056    ,1.42429872495446
1055    ,1.49402504472272
1054    ,1.4083652173913
1053    ,1.58806451612903
1052    ,1.4975
1051    ,1.5159872611465
1050    ,1.52407465007776
1049    ,1.46141768292683
1048    ,1.45125937031484
1047    ,1.57342143906021
1046    ,1.55032624113475
1045    ,1.48006973500697
1044    ,1.53268656716418
1043    ,1.53307894736842
1042    ,1.54198717948718
1041    ,1.61065110565111
1040    ,1.56295454545455
1039    ,1.63081585081585
1038    ,1.53058558558559
1037    ,1.6655579868709
1036    ,1.51219640971489
1035    ,1.59479060265577
1034    ,1.63166007905138
1033    ,1.59044103547459
1032    ,1.64900184842884
1031    ,1.72011545293073
1030    ,1.68686643835617
1029    ,1.67804455445545
1028    ,1.68030063291139
1027    ,1.66734939759036
1026    ,1.71987022350397
1025    ,1.73445360824742
1024    ,1.78306472919419
1023    ,1.76636537237429
1022    ,1.81045565006076
1021    ,1.8329649122807
1020    ,1.85341327384272
1019    ,1.90496798292423
1018    ,1.89526930894309
1017    ,1.89998077847189
1016    ,1.92385641969627
1015    ,1.94126426690079
1014    ,1.91620603015075
1013    ,1.96138689048761
1012    ,1.99482055156781
1011    ,2.03333452466047
1010    ,2.00346364883402
1009    ,2.00558591178407
1008    ,2.02199937027708
1007    ,2.03089022556391
1006    ,2.01275586049171
1005    ,2.0781265076387
1004    ,2.08897521083567
1003    ,2.07664764621968
1002    ,2.09823241317898
1001    ,2.07772594752187
1000    ,1.99324489795919
0066    ,0
0065    ,0
0064    ,0
0063    ,0
0062    ,0
0061    ,0
0060    ,0
0059    ,0
0058    ,0
0057    ,0
0056    ,0
0055    ,0
0054    ,0
0053    ,0
0052    ,0
0051    ,0
0050    ,0
0049    ,0
0048    ,0
0047    ,0
0046    ,0
0045    ,0
0044    ,0
0043    ,0
0042    ,0
0041    ,0
0040    ,0
0039    ,0
0038    ,0
0037    ,0
0036    ,0
0035    ,0
0034    ,0
0033    ,0
0032    ,0
0031    ,0
0030    ,0
0029    ,0
0028    ,0
0027    ,0
0026    ,0
0025    ,0
0024    ,0
0023    ,0
0022    ,0
0021    ,0
0020    ,0
0019    ,0
0018    ,0
0017    ,0
0016    ,0
0015    ,0
0014    ,0
0013    ,0
0012    ,0
0011    ,0
0010    ,0
0009    ,0
0008    ,0
0007    ,0
0006    ,0
0005    ,0
0004    ,0
0003    ,0
0002    ,0
0001    ,0
