2029    ,6247,20410
3102    ,171,575
1155    ,52,182
2388    ,3,4
3158    ,2,28
5111    ,18,61
2288    ,0,4
1183    ,11,68
6129    ,0,0
1125    ,164,557
4022    ,3480,10949
1158    ,29,103
1493    ,0,0
2052    ,1564,5164
1512    ,0,0
1061    ,2029,5708
4248    ,3,10
2368    ,0,0
3004    ,42271,134011
4216    ,0,0
1565    ,0,0
6134    ,0,0
8010    ,36,140
6162    ,0,0
1173    ,38,146
6109    ,2,20
3077    ,258,1001
2176    ,10,43
3098    ,160,542
3024    ,6253,20466
3213    ,1,6
4026    ,2552,7962
4261    ,0,0
7039    ,17,61
5055    ,162,616
1421    ,0,0
1315    ,0,0
6051    ,6,23
4345    ,0,0
3289    ,0,0
2308    ,0,0
3256    ,1,2
5101    ,28,112
2403    ,0,0
3018    ,10563,34903
4206    ,8,19
2139    ,46,181
3056    ,817,2567
1204    ,25,44
3144    ,48,148
2145    ,96,335
4194    ,8,12
2254    ,31,64
7040    ,3,33
4174    ,7,34
0059    ,0,0
2304    ,4,10
3343    ,0,0
5035    ,398,1305
4304    ,0,3
4181    ,3,6
6054    ,24,55
2080    ,449,1782
1338    ,10,61
5048    ,362,902
0017    ,0,0
4060    ,297,1038
1102    ,267,814
7060    ,5,9
4041    ,802,2527
1222    ,0,9
2131    ,103,276
3140    ,28,163
3335    ,0,0
1409    ,0,0
3364    ,0,0
2291    ,0,0
1123    ,139,529
6073    ,10,52
1162    ,44,123
1267    ,1,3
1381    ,0,0
1074    ,970,3168
6017    ,519,1746
7012    ,177,552
3265    ,0,0
2361    ,0,0
4142    ,10,25
3298    ,1,7
7068    ,14,22
3129    ,37,149
3218    ,0,2
2399    ,0,0
1054    ,2144,6652
1285    ,0,9
6124    ,0,1
2011    ,28064,91362
2212    ,5,26
6157    ,0,0
2173    ,38,83
3148    ,46,156
6104    ,19,37
4203    ,0,10
3000    ,164383,554641
3035    ,2671,8862
4212    ,1,22
0066    ,0,0
3176    ,13,43
2014    ,22069,68886
8021    ,0,2
3088    ,169,567
3271    ,0,8
6138    ,0,0
1309    ,0,0
3020    ,9299,31614
6176    ,147,123
0052    ,0,0
3226    ,0,0
4096    ,103,394
6192    ,66,61
4257    ,6,17
0028    ,0,0
1039    ,4849,14363
3339    ,0,0
1149    ,29,149
2033    ,4297,14676
1433    ,0,0
4399    ,0,0
3322    ,2,6
4219    ,0,0
0035    ,0,0
2057    ,1536,5021
1128    ,53,288
6029    ,136,442
3052    ,974,3269
0045    ,0,0
6035    ,123,504
4058    ,310,1114
5137    ,0,3
0038    ,0,0
3028    ,4557,14833
7063    ,0,0
2117    ,140,450
7017    ,95,361
5059    ,175,495
0002    ,0,0
1008    ,43530,146034
4395    ,0,0
5082    ,13,59
5013    ,2967,10097
6050    ,8,40
0013    ,0,0
1023    ,12018,40383
2197    ,8,34
1482    ,0,0
2178    ,14,48
4050    ,419,1863
5002    ,11081,38547
2203    ,20,69
4141    ,12,34
4342    ,0,0
6221    ,0,0
1026    ,9034,29002
1068    ,1190,4913
4015    ,6297,21321
3192    ,0,3
2400    ,0,0
1373    ,0,0
5153    ,2,15
1466    ,5,8
6120    ,12,46
6210    ,0,2
3214    ,1,10
1096    ,400,1371
1471    ,3,7
2356    ,0,0
1064    ,1260,4913
4326    ,0,0
6115    ,5,16
4195    ,3,10
1247    ,0,0
4283    ,0,0
6096    ,26,102
1037    ,4518,14539
1212    ,3,7
2069    ,919,3333
2075    ,625,2073
6100    ,4,18
1365    ,0,0
2394    ,0,0
3023    ,6497,20294
2107    ,169,778
2286    ,3,7
3057    ,833,2906
1131    ,117,446
5175    ,5,12
1440    ,3,8
0023    ,0,0
4231    ,0,0
2290    ,3,5
2010    ,30694,98071
9000    ,643,4889
2353    ,0,0
2233    ,1,21
6172    ,0,0
1001    ,172198,584305
3222    ,0,0
8017    ,0,2
6108    ,5,27
5114    ,25,60
2089    ,432,1244
2217    ,12,29
2136    ,105,365
5056    ,201,579
2378    ,2,2
1420    ,0,2
1167    ,38,62
2307    ,0,0
4353    ,0,0
2318    ,0,0
3290    ,0,0
1562    ,0,0
2171    ,9,36
4258    ,1,4
3099    ,127,407
3284    ,0,0
4027    ,2410,7570
4262    ,16,42
1527    ,0,0
2240    ,2,22
3361    ,5,10
3317    ,0,0
1354    ,3,4
2151    ,42,123
5017    ,2168,6842
3092    ,181,637
4175    ,12,41
6072    ,56,154
4036    ,1469,4365
1304    ,0,0
6205    ,0,0
1052    ,2211,7090
6219    ,0,0
4337    ,0,0
4003    ,25020,79756
1504    ,0,0
1480    ,0,0
6040    ,65,251
7048    ,7,44
0019    ,0,0
3149    ,20,69
1207    ,18,33
1291    ,0,8
5183    ,0,0
4179    ,8,32
1403    ,0,0
0029    ,0,0
4318    ,0,0
2245    ,6,35
0048    ,0,0
1455    ,0,0
4019    ,4751,15164
1266    ,0,0
1449    ,0,7
4315    ,0,0
6016    ,554,2102
3179    ,0,4
6103    ,7,23
7067    ,6,39
6177    ,0,0
1221    ,9,38
3141    ,31,179
4122    ,22,143
1532    ,0,0
1284    ,0,0
1216    ,0,1
2206    ,25,105
3154    ,9,25
1386    ,0,0
3121    ,41,172
1435    ,0,0
3221    ,0,0
2360    ,0,0
4145    ,17,59
5136    ,9,18
1278    ,1,25
1111    ,242,825
1288    ,0,0
4200    ,0,5
3336    ,0,0
3184    ,12,43
1243    ,0,0
2357    ,0,0
2032    ,5122,16666
3323    ,3,7
8013    ,50,170
3171    ,12,41
4269    ,0,0
2315    ,0,0
3191    ,0,4
2289    ,0,3
2000    ,216417,737217
3008    ,26026,84355
5140    ,1,5
4286    ,0,0
4057    ,365,1267
6184    ,0,0
1036    ,4595,14542
1515    ,0,0
1583    ,0,0
5152    ,2,7
4349    ,0,0
4249    ,5,10
1190    ,26,95
4396    ,0,0
4344    ,0,0
3288    ,0,4
4218    ,0,0
1327    ,0,0
2056    ,1159,3662
1126    ,126,395
3027    ,4692,15744
0051    ,0,0
4023    ,3251,10450
4095    ,189,600
6193    ,0,0
5074    ,64,150
4074    ,105,359
7014    ,157,387
1130    ,90,448
7021    ,113,347
4242    ,2,1
1033    ,5313,18448
3340    ,0,1
1300    ,0,0
2264    ,8,25
4007    ,15930,51312
1340    ,4,38
1022    ,13089,44640
6099    ,5,15
2102    ,179,602
5051    ,193,672
6034    ,80,408
3368    ,0,5
3292    ,0,0
1018    ,16989,55999
4157    ,0,0
4103    ,87,230
0007    ,0,0
2241    ,8,24
1067    ,1334,4696
4158    ,0,4
1078    ,778,2657
1257    ,0,2
6057    ,7,41
4358    ,0,0
0016    ,0,0
8016    ,2,5
2179    ,19,81
4170    ,3,8
3145    ,29,67
1364    ,0,0
2345    ,0,0
5001    ,18728,73025
2144    ,58,242
5031    ,608,2165
1379    ,0,0
3116    ,53,210
6064    ,27,61
3215    ,0,0
2211    ,7,36
3125    ,18,78
6091    ,30,83
6071    ,18,81
6128    ,0,0
1239    ,6,24
2401    ,0,0
1408    ,0,0
3219    ,0,6
5122    ,7,46
3054    ,783,2618
1206    ,4,38
6200    ,0,0
3039    ,1990,6541
3061    ,623,1997
3036    ,2871,8814
2379    ,0,0
4303    ,0,0
3175    ,0,25
2311    ,0,0
1429    ,0,0
1029    ,7684,23486
2074    ,806,2508
6107    ,1,4
1281    ,0,0
3299    ,0,0
2306    ,0,0
3242    ,0,6
1450    ,0,0
5124    ,23,70
7043    ,14,99
2137    ,79,239
5170    ,0,0
0008    ,0,0
3362    ,0,0
3338    ,0,3
1430    ,0,0
4354    ,0,0
2017    ,15440,49054
2081    ,435,1746
2319    ,0,0
4004    ,20147,65290
4207    ,16,61
1000    ,204133,715776
3225    ,0,3
1201    ,10,27
3165    ,7,27
6011    ,1429,6468
5117    ,22,67
1528    ,0,0
2024    ,9348,28498
5078    ,79,255
3346    ,0,0
5081    ,28,58
1491    ,0,0
2169    ,17,54
2162    ,34,107
1075    ,711,4750
2338    ,0,0
2031    ,5494,18061
1129    ,173,537
1563    ,0,0
1175    ,34,118
7062    ,0,0
2110    ,139,491
0003    ,0,0
1568    ,0,0
3137    ,28,92
4215    ,0,0
3324    ,0,1
5060    ,108,379
6039    ,101,310
3126    ,57,282
7013    ,225,582
0046    ,0,0
6218    ,0,0
6019    ,336,1164
3170    ,4,8
4334    ,0,0
1191    ,11,56
1505    ,0,0
4140    ,14,50
8002    ,108,573
6174    ,0,0
0050    ,0,0
6119    ,5,13
3003    ,52878,172398
6141    ,0,0
5025    ,819,2660
4321    ,0,6
6116    ,0,5
4280    ,0,0
6095    ,4,21
1115    ,169,706
1416    ,0,0
1295    ,0,1
1082    ,809,2539
2207    ,16,1343
3320    ,0,5
7036    ,3,11
2312    ,0,0
1448    ,0,3
4316    ,0,0
2051    ,1713,6524
3178    ,5,3
2271    ,7,27
5135    ,0,11
3237    ,3,9
3263    ,5,8
1224    ,5,7
4230    ,0,0
3238    ,0,0
4307    ,0,0
1180    ,67,161
1213    ,3,24
3349    ,1,6
1387    ,0,0
3210    ,0,9
1488    ,0,4
1025    ,9769,32240
1372    ,2,12
3022    ,7590,25425
4191    ,2,23
2332    ,0,0
5174    ,0,4
1253    ,0,9
4056    ,474,1526
3296    ,0,1
5057    ,118,387
1423    ,0,5
7020    ,17,77
4350    ,0,3
2250    ,6,16
3328    ,0,0
4250    ,0,11
2350    ,0,0
1399    ,0,0
2079    ,560,2015
4151    ,4,20
3053    ,1015,3373
1268    ,5,21
2059    ,1240,4147
1342    ,0,0
3190    ,0,1
4008    ,12848,42125
2395    ,0,0
2294    ,2,4
6003    ,2569,10300
2381    ,0,0
2181    ,19,85
3316    ,1,17
1353    ,4,26
1019    ,17469,56053
3093    ,260,663
4176    ,4,18
4102    ,50,185
4243    ,0,4
3083    ,257,913
1071    ,1091,3538
4276    ,2,15
6090    ,5,23
2132    ,113,263
1324    ,0,0
5011    ,4101,13851
0062    ,0,0
6123    ,1,2
4090    ,162,519
1151    ,73,452
1529    ,0,0
4211    ,15,33
1079    ,722,2335
1305    ,0,6
1552    ,0,0
2265    ,0,0
4000    ,88077,319987
6098    ,18,69
3160    ,7,53
8015    ,2,8
2344    ,0,0
1508    ,0,0
4121    ,51,136
6201    ,0,0
1287    ,0,3
3060    ,707,2567
2246    ,30,130
2232    ,7,17
0049    ,0,0
6215    ,31,27
4047    ,567,1882
5185    ,0,0
4355    ,0,0
6056    ,32,97
4149    ,2,13
0015    ,0,0
6041    ,94,308
1407    ,0,0
6102    ,53,233
2043    ,2687,8517
1220    ,1,4
2097    ,236,790
4201    ,0,0
1451    ,0,0
5010    ,4018,13892
3185    ,0,17
3199    ,0,7
1439    ,0,0
2281    ,3,20
1445    ,0,0
5088    ,27,81
2086    ,489,1486
6173    ,0,0
1265    ,0,3
3122    ,77,174
6070    ,7,20
3220    ,0,3
2367    ,0,0
4335    ,0,0
4185    ,0,2
2138    ,163,222
1402    ,0,0
1580    ,0,0
4348    ,0,0
5079    ,39,152
1431    ,7,7
1072    ,1089,3791
5132    ,0,6
1195    ,51,113
2316    ,0,0
1469    ,2,7
4078    ,110,392
7018    ,70,223
6010    ,1705,5092
7061    ,0,0
5075    ,24,136
4077    ,261,726
7015    ,181,535
3136    ,23,177
2016    ,18052,58407
4053    ,448,1457
2113    ,227,752
2200    ,6,17
2001    ,167779,561445
1511    ,0,0
6080    ,39,57
5156    ,8,24
4094    ,136,476
4143    ,14,23
4154    ,3,11
6140    ,0,0
1030    ,7120,22013
3231    ,0,0
1333    ,0,0
5009    ,5399,17132
2030    ,5793,20388
1134    ,106,320
6033    ,139,596
2227    ,4,12
3173    ,8,48
1343    ,3,13
1558    ,0,0
5036    ,250,940
1514    ,0,0
3115    ,81,274
1164    ,30,103
6065    ,42,90
3216    ,3,14
3262    ,0,4
5024    ,837,2762
6079    ,9,24
2236    ,3,18
9003    ,0,0
2268    ,3,19
1233    ,7,31
2208    ,5,28
3329    ,0,0
2118    ,161,510
5063    ,87,276
0009    ,0,0
1349    ,0,0
2085    ,376,1268
3096    ,146,477
2326    ,0,0
3058    ,894,2980
2050    ,1705,6078
1271    ,0,0
0031    ,0,0
3021    ,7746,24410
5123    ,20,54
2329    ,0,0
3055    ,881,3351
5014    ,2995,9924
1557    ,0,0
4237    ,0,0
1269    ,4,4
6228    ,0,0
4105    ,29,130
1112    ,274,1003
7023    ,15,71
1250    ,11,46
6005    ,2201,6610
8012    ,13,42
1417    ,0,0
2341    ,0,0
4359    ,0,0
1081    ,814,2663
3321    ,0,0
4382    ,0,0
1507    ,0,0
2103    ,228,889
4020    ,4283,13661
1169    ,33,384
1024    ,11061,38673
4313    ,1,19
1406    ,0,0
4059    ,417,1433
3241    ,0,0
4042    ,792,2764
3334    ,0,0
2134    ,129,388
2180    ,16,43
5147    ,0,0
1478    ,0,0
3341    ,0,0
6202    ,0,0
4101    ,128,369
4302    ,0,0
3229    ,0,0
1210    ,0,0
1028    ,7914,25765
1202    ,7,17
2073    ,639,2012
1486    ,0,0
4009    ,11732,36928
1361    ,2,5
5168    ,0,0
1378    ,0,0
0063    ,0,0
2025    ,8628,28730
1086    ,656,2359
2039    ,3233,10826
3311    ,0,2
1121    ,148,501
4159    ,0,0
3067    ,720,2239
5165    ,8,12
1452    ,0,0
6196    ,0,0
4128    ,28,82
2082    ,413,1379
4253    ,0,0
2351    ,0,0
1398    ,0,0
1196    ,22,69
4005    ,19249,63551
1007    ,49069,164662
1104    ,322,1103
6093    ,15,33
3180    ,2,9
2270    ,0,2
3146    ,16,78
1348    ,0,0
1569    ,0,0
1150    ,31,120
1575    ,0,0
4109    ,55,181
1495    ,0,0
3063    ,748,2464
2045    ,2289,7771
2235    ,0,0
3082    ,197,628
1076    ,660,2563
6015    ,827,2988
4275    ,0,0
4294    ,0,0
6178    ,0,0
1321    ,0,5
1510    ,0,4
6101    ,8,20
8003    ,108,372
6175    ,0,0
1160    ,46,148
3002    ,76562,246974
2096    ,326,1064
3337    ,0,0
3037    ,2549,7743
7046    ,4,46
4214    ,1,17
1436    ,0,0
3281    ,0,0
1306    ,0,4
2114    ,165,480
3127    ,64,237
1318    ,0,2
4356    ,0,0
5139    ,1,6
3223    ,0,0
5134    ,0,0
3234    ,4,1
1260    ,0,0
1536    ,0,0
4233    ,2,2
3131    ,46,139
2156    ,40,154
3174    ,9,41
2247    ,42,101
3325    ,8,16
6038    ,191,500
2313    ,0,0
0054    ,0,0
1119    ,133,472
3376    ,0,0
5008    ,5477,18398
4317    ,0,0
1331    ,0,0
1101    ,412,1283
4196    ,19,47
2111    ,265,817
1468    ,2,2
5029    ,690,2188
4055    ,429,1503
4184    ,12,24
1391    ,0,0
7073    ,6,8
5080    ,30,287
6147    ,0,0
1231    ,0,6
2259    ,0,1
3135    ,29,162
3198    ,1,8
2282    ,13,39
2055    ,1426,5461
6060    ,44,89
1046    ,2744,8971
1274    ,0,2
2293    ,0,0
1049    ,2277,7530
1087    ,698,2181
6000    ,17873,78410
2380    ,0,0
3315    ,0,0
2372    ,0,2
1242    ,3,2
5072    ,63,275
5128    ,2,7
6143    ,0,0
1021    ,13289,44473
3294    ,0,0
2201    ,35,164
6122    ,0,9
1179    ,15,107
6117    ,1,9
4155    ,4,5
3261    ,1,3
2320    ,0,0
4236    ,1,13
1241    ,0,3
2239    ,23,45
2078    ,699,2127
1490    ,0,0
8019    ,32,71
1325    ,5,12
3161    ,16,49
4088    ,164,575
8014    ,18,31
3097    ,151,456
5173    ,5,18
2347    ,0,0
3033    ,3619,11691
0041    ,0,0
3239    ,0,1
2187    ,21,77
4085    ,153,506
0060    ,0,0
1500    ,0,0
3248    ,0,4
6094    ,5,22
4240    ,0,2
1031    ,6413,21769
1555    ,0,0
2262    ,18,87
4252    ,0,0
2020    ,13190,42338
3357    ,2,8
1098    ,588,1818
2040    ,2975,10486
0030    ,0,0
6026    ,296,1257
3269    ,0,0
0027    ,0,0
1556    ,0,0
2183    ,7,20
7070    ,12,56
6078    ,37,79
2231    ,0,6
3310    ,0,0
7045    ,10,56
5038    ,241,720
1339    ,3,4
4374    ,0,0
5091    ,12,52
5066    ,162,532
2115    ,142,487
5084    ,17,46
8008    ,13,78
4043    ,781,2704
9001    ,112,664
2276    ,9,25
4351    ,0,0
4108    ,117,342
6229    ,0,0
7022    ,24,42
6214    ,8,9
2087    ,308,1045
6222    ,0,0
1084    ,687,2191
4006    ,16385,52719
2106    ,280,1390
3181    ,4,19
7019    ,60,142
3344    ,0,0
6013    ,1034,4018
5076    ,60,195
1209    ,1,20
1401    ,0,0
2091    ,354,1135
3195    ,4,30
5144    ,0,0
1479    ,0,1
6203    ,0,0
4100    ,90,365
4301    ,0,0
1444    ,0,0
2363    ,0,0
1073    ,985,3551
4331    ,0,0
1472    ,1,4
6081    ,22,35
5151    ,4,2
5100    ,16,64
4189    ,3,14
3139    ,43,132
2066    ,906,3089
6113    ,10,32
4120    ,24,62
2095    ,309,949
1245    ,0,0
3030    ,4359,12662
2038    ,3654,11721
1122    ,192,517
5166    ,1,5
1453    ,0,0
4222    ,0,0
0005    ,0,0
2283    ,7,26
1388    ,0,0
1358    ,0,0
3124    ,28,76
1133    ,107,1110
2366    ,0,0
2224    ,3,40
3172    ,12,34
5177    ,3,7
3119    ,47,184
1012    ,29873,99175
5192    ,0,0
8004    ,103,320
4048    ,612,1974
1574    ,0,0
2204    ,4,57
1144    ,65,242
3062    ,510,1866
1485    ,3,5
2385    ,0,0
1437    ,1,5
4270    ,0,0
2310    ,0,0
1240    ,0,0
1159    ,16,89
2325    ,0,0
3059    ,976,3679
2053    ,1328,4555
5120    ,4,26
1200    ,40,81
1517    ,0,7
1581    ,0,0
3235    ,3,2
1165    ,42,244
1040    ,4081,14754
5087    ,38,96
5073    ,24,129
1199    ,9,46
4217    ,0,0
6037    ,115,856
3300    ,0,0
1347    ,0,0
2128    ,144,348
5062    ,31,141
1524    ,0,0
4378    ,0,2
4381    ,0,0
6061    ,45,63
4021    ,3978,12368
4093    ,197,646
1027    ,8235,26782
6009    ,1871,6529
1262    ,0,46
4076    ,209,615
3094    ,215,542
6075    ,5,125
1093    ,471,1729
5027    ,682,2030
1218    ,2,20
7026    ,28,141
4152    ,4,16
2269    ,3,6
4118    ,23,86
1410    ,0,0
7053    ,6,22
1080    ,795,2701
5069    ,135,1196
1205    ,1,7
6032    ,364,1333
1275    ,0,2
1108    ,282,1057
4360    ,0,0
6001    ,8535,38326
6110    ,0,1
1390    ,0,0
7074    ,0,0
4104    ,44,153
4198    ,11,30
2258    ,28,77
3134    ,27,72
3203    ,1,8
4131    ,35,152
6059    ,32,65
4325    ,0,0
6092    ,45,87
1223    ,7,8
2273    ,5,22
3147    ,36,136
4124    ,20,314
3114    ,33,158
5191    ,0,2
2373    ,0,3
3268    ,0,6
1551    ,0,0
6142    ,0,0
2077    ,629,2577
1228    ,6,12
4235    ,0,0
1363    ,1,9
4298    ,0,0
2238    ,2,7
2362    ,0,0
4297    ,0,0
2021    ,11364,37401
6179    ,0,0
3128    ,48,134
3356    ,0,0
8000    ,2308,13301
2049    ,1884,6455
3166    ,15,57
1334    ,0,0
2328    ,0,0
3182    ,13,24
2035    ,3924,12615
3066    ,535,1940
2100    ,218,793
4044    ,1013,2844
3260    ,0,0
6197    ,0,0
1003    ,96556,318069
2234    ,0,12
3085    ,226,624
3013    ,15742,51037
5145    ,0,0
4274    ,0,0
6187    ,0,0
2072    ,714,2415
4357    ,0,0
5138    ,5,10
2099    ,282,790
3240    ,0,2
1312    ,0,2
2041    ,2951,9527
2152    ,59,190
1579    ,0,0
1153    ,44,191
3034    ,3285,9640
0042    ,0,0
2348    ,0,0
4086    ,147,480
0061    ,0,0
5041    ,174,623
3313    ,0,2
2177    ,16,74
2019    ,14328,44371
3204    ,2,4
7032    ,12,50
1357    ,0,13
2084    ,489,1586
0053    ,0,0
1006    ,54192,184028
3375    ,0,0
4097    ,113,331
1484    ,1,8
2251    ,6,2
4072    ,146,537
6027    ,178,626
1432    ,0,0
0024    ,0,0
2182    ,17,59
4162    ,0,0
4114    ,35,101
6036    ,62,1107
1070    ,980,3473
0039    ,0,0
1045    ,2818,9511
1293    ,0,0
6048    ,86,245
5028    ,625,2072
4127    ,49,162
5083    ,23,45
8005    ,145,508
3130    ,43,131
5012    ,3647,12435
2157    ,41,171
1088    ,607,2175
3105    ,201,361
1103    ,259,911
2147    ,106,328
2170    ,57,154
1389    ,0,0
2202    ,49,185
3110    ,80,269
6086    ,19,66
6062    ,5,14
4187    ,0,0
1351    ,0,0
1400    ,0,0
6146    ,0,0
3232    ,6,7
1368    ,0,7
3278    ,0,0
6133    ,0,0
3069    ,348,1372
9002    ,145,779
1543    ,0,0
3072    ,480,1477
1118    ,113,424
2384    ,0,0
8018    ,3,12
4310    ,0,0
3162    ,16,81
1092    ,526,1727
3118    ,55,163
4388    ,0,0
2067    ,982,3256
6114    ,19,43
5129    ,8,30
2094    ,341,1019
3251    ,0,0
2153    ,32,175
3326    ,6,29
5163    ,0,0
2076    ,643,2286
1438    ,28,90
4379    ,0,0
3244    ,0,2
2008    ,36559,118499
2324    ,0,3
5172    ,0,5
4071    ,258,889
4232    ,1,9
1013    ,26079,95639
6006    ,2383,8683
5070    ,78,294
1198    ,0,4
1141    ,140,373
1002    ,125332,428001
4375    ,0,0
5092    ,20,64
2088    ,357,1186
1487    ,0,0
7011    ,262,790
5019    ,1705,5585
1048    ,2754,8937
2022    ,11018,35448
1516    ,0,0
2186    ,1,18
1166    ,31,932
1501    ,0,0
2266    ,2,27
3347    ,0,5
7007    ,366,2022
4256    ,0,0
2165    ,37,73
5039    ,442,1475
4153    ,0,35
1489    ,0,0
7044    ,43,288
6058    ,98,156
1322    ,2,21
6223    ,0,0
5068    ,60,205
1424    ,0,0
3351    ,0,0
3113    ,56,236
3314    ,4,23
0033    ,0,0
3167    ,4,16
4309    ,0,0
3095    ,206,612
7047    ,6,33
6149    ,0,0
0043    ,0,0
6152    ,0,93
5032    ,741,2193
1116    ,137,674
4336    ,0,0
2263    ,9,15
1473    ,3,5
6082    ,0,15
4324    ,0,0
1463    ,0,0
1208    ,11,46
1091    ,408,1648
2272    ,6,15
3355    ,0,0
1109    ,382,1168
8009    ,40,188
4363    ,0,0
2046    ,2315,7885
5126    ,2,18
2248    ,21,70
5187    ,0,0
1550    ,0,0
3274    ,0,1
1237    ,7,20
2237    ,40,75
4223    ,0,1
5188    ,2,10
4314    ,0,0
2228    ,3,17
1227    ,0,4
1252    ,4,11
3342    ,0,0
4188    ,2,4
3247    ,0,0
4123    ,57,140
2090    ,326,1003
3194    ,0,3
6198    ,0,0
3031    ,3872,12292
3047    ,1365,4457
3287    ,0,0
5167    ,0,2
1371    ,0,0
4045    ,794,2571
2298    ,3,16
2018    ,14936,49726
1434    ,0,0
7033    ,52,166
4247    ,0,0
2365    ,7,16
4164    ,2,13
1337    ,3,16
3183    ,1,12
4049    ,511,1770
2287    ,0,0
1573    ,0,0
1059    ,1586,5111
2189    ,47,90
2124    ,100,361
1145    ,69,253
2396    ,0,0
2192    ,53,182
3301    ,0,0
4268    ,0,0
3291    ,0,0
1525    ,0,0
4115    ,36,137
1356    ,6,28
1539    ,0,0
2104    ,249,853
4265    ,0,0
2387    ,0,0
2279    ,4,22
1582    ,0,0
6087    ,31,66
1311    ,0,0
5086    ,12,51
4012    ,9261,30651
4083    ,90,385
4119    ,27,90
7050    ,6,54
1326    ,0,0
1044    ,3235,10993
4092    ,93,379
1545    ,0,0
5077    ,59,162
2342    ,0,0
4075    ,186,560
1483    ,0,0
2158    ,42,141
8006    ,102,315
0021    ,0,0
2267    ,7,19
4132    ,19,50
3073    ,551,1494
6031    ,147,507
2225    ,12,46
6206    ,0,0
3138    ,33,170
6049    ,32,132
4156    ,3,9
2323    ,0,4
0006    ,0,0
6074    ,4,18
1414    ,0,0
6111    ,8,31
6167    ,0,0
0018    ,0,0
1397    ,0,0
4239    ,0,2
4199    ,0,5
6042    ,40,137
3233    ,4,12
4234    ,0,0
5065    ,91,375
2175    ,11,47
1456    ,0,0
1276    ,0,0
3117    ,113,397
6063    ,42,52
5190    ,0,0
5104    ,16,49
2374    ,0,0
2300    ,0,0
4308    ,0,0
6226    ,0,0
4192    ,0,0
1411    ,0,0
3010    ,21421,68920
1193    ,10,51
4329    ,0,0
6186    ,5,4
3359    ,0,0
4380    ,0,0
5125    ,30,77
5121    ,6,14
3038    ,2484,7579
1476    ,0,0
4067    ,451,1456
7025    ,3,22
6007    ,2106,6444
4033    ,1598,5180
2297    ,0,0
6199    ,33,31
7072    ,0,0
5040    ,169,826
4068    ,454,1440
3312    ,1,10
1188    ,24,87
4372    ,0,0
2071    ,709,2142
4228    ,0,0
3243    ,2,5
2009    ,33106,104356
4040    ,986,3973
2275    ,6,24
5171    ,0,6
2034    ,4416,14423
3081    ,266,690
5141    ,0,1
4107    ,108,287
4087    ,181,580
2002    ,117532,383796
1138    ,168,466
4161    ,5,28
1168    ,10,61
6153    ,0,0
5020    ,1408,5190
1005    ,67176,222174
5181    ,1,7
4400    ,0,0
5133    ,0,2
2023    ,9404,31980
1578    ,0,0
1127    ,222,784
6020    ,563,1747
3164    ,4,23
1336    ,0,0
3109    ,61,237
0025    ,0,0
3151    ,2,21
3084    ,283,721
3106    ,132,418
2249    ,10,48
1185    ,4,29
4273    ,0,0
2146    ,67,242
3275    ,0,0
5033    ,479,1889
2221    ,36,127
4296    ,0,0
7034    ,2,25
5006    ,6165,20746
1297    ,0,0
1279    ,0,2
4126    ,17,52
8024    ,0,3
1520    ,0,0
2335    ,0,0
3065    ,643,2285
2047    ,2110,6986
2159    ,21,79
3032    ,3002,9914
3279    ,0,0
6130    ,0,0
3068    ,688,2045
5061    ,116,380
1540    ,0,0
4224    ,3,7
4112    ,36,156
2229    ,0,0
7030    ,29,69
2122    ,64,319
8001    ,490,2910
1462    ,0,0
6118    ,9,60
4338    ,2,4
3354    ,0,2
4391    ,0,0
5108    ,25,78
4366    ,0,0
1415    ,0,0
3252    ,0,0
1083    ,885,3055
3327    ,0,0
2193    ,24,56
4384    ,0,0
3374    ,0,0
1255    ,0,2
4116    ,34,92
4311    ,0,0
7059    ,0,0
2098    ,340,1067
3236    ,0,0
1043    ,3707,11792
1225    ,0,9
2060    ,1253,4244
5085    ,19,65
5071    ,124,305
3348    ,0,0
4376    ,0,0
7038    ,5,50
1154    ,30,142
3074    ,374,1495
5110    ,17,41
0064    ,0,0
4244    ,0,3
2364    ,0,0
1537    ,0,4
4070    ,229,716
1014    ,25813,83318
1060    ,1551,5151
6084    ,43,132
3133    ,25,126
5155    ,2,14
7006    ,441,1398
4251    ,0,0
4150    ,1,23
1566    ,0,1
1172    ,11,74
3070    ,501,1466
2222    ,5,68
1538    ,0,0
6002    ,4192,15943
4266    ,0,0
2386    ,0,0
2168    ,25,69
6183    ,0,0
6145    ,0,0
1314    ,2,6
1137    ,72,251
3080    ,270,872
6112    ,2,157
6148    ,0,0
4277    ,0,0
4292    ,0,0
1323    ,7,41
3019    ,10693,33845
4091    ,184,592
2161    ,27,75
3112    ,148,400
3306    ,0,0
3267    ,0,0
2322    ,0,0
8028    ,0,0
0058    ,0,0
5193    ,0,0
5127    ,1,6
3207    ,12,33
3201    ,2,8
1553    ,0,0
4220    ,0,0
3078    ,383,1169
4180    ,1,3
2260    ,9,20
4061    ,285,1059
4387    ,0,0
3163    ,14,63
4373    ,0,0
6030    ,190,593
3350    ,0,0
0047    ,0,0
3365    ,0,0
1114    ,145,609
4362    ,0,0
3046    ,1497,5019
2164    ,21,59
1477    ,0,0
1370    ,0,0
4046    ,745,2297
4032    ,1642,5696
4193    ,10,20
1382    ,0,0
3370    ,0,0
5093    ,20,88
6154    ,0,0
4327    ,0,0
1177    ,37,142
2042    ,2497,8666
3246    ,5,21
2143    ,111,325
1055    ,1806,6727
2185    ,18,55
4369    ,0,0
6008    ,1480,5005
2280    ,11,37
2188    ,29,105
1492    ,0,0
2127    ,99,280
2397    ,0,0
5089    ,23,67
3302    ,0,0
2296    ,0,2
4168    ,1,19
5047    ,211,829
3272    ,7,15
1189    ,12,71
6150    ,0,0
2274    ,0,0
4011    ,10145,34814
3150    ,16,40
1559    ,0,0
4160    ,0,3
3276    ,0,0
6139    ,0,0
4291    ,0,0
4225    ,4,19
2070    ,746,2361
4079    ,185,593
2163    ,32,122
1577    ,0,0
2278    ,8,20
1310    ,0,4
4125    ,54,142
8007    ,41,187
1521    ,0,0
5160    ,5,11
7027    ,4,37
1549    ,0,0
6158    ,0,0
0034    ,0,0
5189    ,0,0
2194    ,11,36
1270    ,3,4
3090    ,218,712
6083    ,22,61
1355    ,0,4
5023    ,1330,4451
1004    ,81330,258270
2257    ,28,153
4245    ,0,1
2093    ,307,1127
2048    ,2267,7747
6166    ,0,0
7029    ,7,20
4238    ,5,17
1142    ,98,279
6043    ,184,401
3230    ,0,0
5109    ,7,24
2150    ,37,126
6053    ,15,83
0012    ,0,0
1541    ,0,0
2190    ,1,11
3373    ,0,0
2226    ,3,8
3307    ,1,5
5005    ,7879,27989
1294    ,0,0
4341    ,0,2
1481    ,0,0
1519    ,0,0
0057    ,0,0
2160    ,32,132
1584    ,0,0
3280    ,0,0
2303    ,0,0
5097    ,6,17
1226    ,1,13
7009    ,239,846
5064    ,164,408
1184    ,32,75
2327    ,0,0
7031    ,20,79
6207    ,0,0
1393    ,0,0
6217    ,0,0
1042    ,3140,10706
1097    ,411,1317
2349    ,0,0
4073    ,209,685
4064    ,359,1211
7024    ,3,26
6004    ,2427,7585
5043    ,314,1078
1533    ,0,0
2198    ,10,43
1412    ,0,0
7051    ,5,23
6224    ,0,0
4328    ,0,0
3186    ,0,0
4383    ,0,0
5179    ,0,1
4117    ,40,85
4312    ,0,0
1457    ,0,0
2370    ,0,3
1264    ,0,0
1447    ,0,0
5146    ,0,3
1396    ,0,0
6182    ,18,17
4106    ,61,240
1234    ,0,3
2003    ,92052,295130
5154    ,0,5
2013    ,23759,76262
7001    ,3170,15542
4133    ,20,69
1474    ,0,1
3079    ,340,1261
1157    ,38,840
5113    ,22,43
1375    ,0,2
2216    ,3,13
3168    ,13,53
3111    ,128,381
1120    ,132,532
2375    ,0,0
2219    ,3,23
5107    ,9,43
5164    ,0,0
4129    ,15,82
8029    ,0,1
1136    ,104,339
3208    ,2,4
4035    ,1563,5230
3049    ,1477,4544
1567    ,0,0
7028    ,5,9
4229    ,0,0
1171    ,51,270
3071    ,709,2023
2392    ,0,0
1531    ,0,1
4263    ,0,0
1576    ,0,0
8025    ,0,0
1146    ,60,177
2336    ,0,0
3064    ,538,1830
2044    ,2532,8305
3087    ,284,847
3011    ,20332,65228
3200    ,11,37
4031    ,1908,6480
4272    ,0,0
1053    ,2080,7004
5094    ,24,51
4295    ,0,0
5046    ,485,1104
3319    ,0,0
1320    ,0,0
6024    ,213,811
1332    ,0,0
4370    ,0,0
3245    ,2,9
4392    ,0,0
2142    ,42,159
4080    ,162,530
3041    ,2059,6325
4319    ,0,0
4069    ,284,783
3157    ,10,47
1522    ,0,13
6066    ,54,72
4018    ,5636,17657
3358    ,0,0
5030    ,711,2074
4183    ,0,20
2261    ,7,26
7035    ,23,51
4167    ,1,6
1182    ,33,109
1465    ,0,0
7066    ,0,4
5022    ,1202,3992
4339    ,0,0
6021    ,419,1546
2174    ,10,38
0022    ,0,0
4368    ,0,0
7055    ,9,19
4039    ,863,2775
1362    ,0,13
1217    ,3,12
2126    ,117,368
3153    ,11,84
1383    ,0,0
1186    ,7,61
6159    ,0,0
4113    ,39,122
4144    ,30,100
6046    ,52,215
6088    ,32,46
4332    ,0,0
1392    ,0,0
1063    ,1412,4595
6085    ,1,13
1230    ,2,14
3132    ,58,145
7005    ,547,1661
2354    ,0,0
4137    ,3,14
3107    ,158,498
6169    ,0,0
3295    ,0,3
1047    ,2803,9519
1546    ,0,0
6151    ,0,0
2064    ,1020,3425
4226    ,0,2
4287    ,0,0
1174    ,44,163
1367    ,0,0
2371    ,0,8
2112    ,253,806
4288    ,0,0
6144    ,0,0
6131    ,0,0
2026    ,8217,28167
4099    ,77,262
3075    ,380,1256
3277    ,0,1
0065    ,0,0
1010    ,36110,120560
2223    ,6,25
1290    ,0,0
1249    ,0,2
3026    ,5117,16633
5178    ,0,0
4267    ,0,0
6194    ,0,0
1147    ,45,188
7042    ,14,45
2061    ,1373,3870
1518    ,0,0
3266    ,0,0
5159    ,0,0
2321    ,2,3
3015    ,12969,41773
6161    ,0,0
3253    ,0,0
1301    ,0,0
6181    ,33,27
1298    ,0,3
3283    ,0,0
2199    ,13,64
0037    ,0,0
5098    ,39,137
1244    ,0,0
5052    ,209,665
3304    ,2,2
1156    ,26,78
2006    ,48178,157131
3369    ,0,0
3331    ,0,0
1344    ,4,12
0040    ,0,0
1015    ,22769,76986
3366    ,0,0
4084    ,98,339
1192    ,16,75
3249    ,0,5
3045    ,1448,4847
0056    ,0,0
2242    ,7,16
5102    ,20,71
7056    ,0,6
1296    ,0,0
6052    ,4,40
7000    ,7079,36869
0011    ,0,0
2191    ,5,28
6208    ,0,0
4386    ,0,0
6227    ,0,0
4171    ,6,21
5184    ,5,22
5000    ,38486,155129
6025    ,247,821
0026    ,0,0
1056    ,1631,5665
2184    ,26,54
1238    ,4,12
2167    ,46,95
4065    ,232,849
2210    ,8,27
4134    ,9,32
4377    ,0,0
5090    ,114,257
1509    ,0,0
7008    ,265,972
5067    ,133,503
1458    ,0,0
2154    ,48,260
1341    ,0,0
1374    ,0,0
2277    ,0,6
3103    ,144,478
1359    ,0,0
2141    ,89,329
1534    ,0,0
1360    ,0,0
4190    ,1,6
1413    ,0,0
6155    ,0,0
6225    ,0,0
5182    ,5,13
1085    ,727,2313
6106    ,10,48
4182    ,2,21
1280    ,0,0
1418    ,0,0
3007    ,29529,97040
2393    ,0,0
4365    ,0,0
6135    ,0,0
2383    ,0,0
3016    ,12231,37942
2295    ,0,0
2012    ,24673,79265
3040    ,2124,6774
3273    ,0,0
5148    ,0,0
1475    ,0,0
4290    ,0,0
4204    ,7,18
3224    ,0,0
3353    ,1,7
5116    ,5,23
2065    ,974,3347
2092    ,504,1290
6165    ,0,0
1034    ,5053,18587
3257    ,0,0
8022    ,1,4
2337    ,0,0
5161    ,1,2
4221    ,0,3
4038    ,997,3265
2121    ,111,362
3048    ,1261,4402
1254    ,0,2
5045    ,293,897
1494    ,0,0
1428    ,0,0
1011    ,33144,112548
4340    ,3,8
1229    ,1,11
5106    ,0,3
1571    ,0,0
1143    ,83,270
1163    ,28,105
3086    ,228,668
2195    ,5,25
4030    ,2096,6296
4271    ,0,0
3091    ,216,633
2253    ,14,23
3372    ,0,0
7010    ,373,1028
4241    ,5,14
6018    ,534,2334
4098    ,63,258
5004    ,8335,28059
1502    ,0,4
4166    ,10,33
6047    ,96,148
1317    ,0,2
6216    ,0,0
1041    ,3501,12650
1077    ,705,2649
4320    ,0,0
4010    ,11150,35721
1100    ,396,1330
2109    ,152,581
4281    ,0,0
3100    ,141,467
3303    ,0,0
2129    ,129,333
1272    ,1,11
1523    ,1,2
4138    ,5,51
0036    ,0,0
6127    ,0,0
2339    ,0,0
6209    ,0,0
1263    ,0,0
2256    ,23,67
1350    ,0,0
1446    ,0,2
4333    ,0,0
4306    ,0,0
6136    ,0,0
7052    ,1,18
6160    ,0,0
1330    ,0,0
1214    ,4,17
3152    ,13,49
1181    ,22,71
1256    ,0,0
3211    ,0,0
1547    ,0,0
1459    ,0,0
2220    ,10,35
1251    ,0,0
4361    ,0,0
2215    ,4,8
3169    ,8,21
1395    ,0,0
1235    ,10,64
1422    ,0,0
3254    ,0,0
2355    ,0,0
4130    ,35,88
3286    ,0,0
6168    ,0,0
3187    ,1,11
3050    ,1284,3970
2058    ,1098,3733
5112    ,11,43
3197    ,0,4
4208    ,7,18
2007    ,43990,139172
1089    ,568,1790
3330    ,0,2
8026    ,18,25
5180    ,1,3
2376    ,0,0
2302    ,0,0
1377    ,0,0
4177    ,5,11
5157    ,7,21
1328    ,2,1
4299    ,0,0
4062    ,424,1404
1219    ,13,12
4028    ,2531,8169
1560    ,0,0
2133    ,91,304
1170    ,44,199
5099    ,6,30
5119    ,5,27
4385    ,0,0
1335    ,3,5
4371    ,0,0
1345    ,0,0
1258    ,1,2
4210    ,5,20
2390    ,0,0
1135    ,115,382
3012    ,17963,56511
4034    ,1564,5185
1302    ,0,0
6180    ,0,0
5095    ,30,72
4001    ,56994,203391
7003    ,516,1674
4255    ,0,2
7065    ,0,0
1313    ,1,6
1110    ,326,1074
4014    ,6873,22744
1057    ,1933,6122
4081    ,98,296
1286    ,0,0
5042    ,278,922
2243    ,0,8
1099    ,354,1202
6231    ,0,0
3264    ,0,0
4148    ,17,39
0014    ,0,0
2252    ,8,19
4147    ,38,108
6089    ,14,69
3006    ,32953,104652
6022    ,266,1045
2218    ,0,8
1232    ,2,2
8023    ,0,0
2166    ,8,28
4163    ,19,55
3156    ,24,54
2330    ,0,0
6067    ,6,13
1461    ,0,0
6170    ,0,0
5026    ,806,2460
1384    ,0,0
3123    ,72,196
6077    ,28,68
3206    ,3,23
4293    ,0,0
4227    ,3,5
4284    ,2,11
1506    ,0,0
6044    ,67,276
1203    ,5,15
3104    ,183,507
2140    ,62,236
3258    ,0,6
5131    ,5,10
2389    ,0,0
2317    ,0,0
3043    ,1739,5652
1273    ,2,2
6213    ,48,36
1496    ,0,0
1464    ,14,42
3025    ,6215,18876
1094    ,537,2246
6195    ,0,0
6189    ,0,0
5130    ,4,21
4393    ,0,3
2358    ,0,0
6132    ,0,0
1542    ,0,0
2343    ,0,0
1443    ,0,2
4052    ,709,2575
3308    ,0,0
2120    ,172,549
4024    ,2996,9913
2284    ,6,7
3371    ,0,0
5053    ,161,531
3305    ,0,0
1427    ,0,5
4389    ,0,0
4347    ,0,0
2062    ,919,3226
5158    ,0,4
4017    ,5842,18371
1035    ,4634,17927
3250    ,0,0
5162    ,0,0
2027    ,7062,23734
1425    ,0,0
4110    ,54,163
2037    ,3964,11849
4169    ,15,41
4172    ,7,30
5105    ,11,31
6126    ,0,0
5037    ,352,1198
1016    ,20659,69670
1062    ,1392,4806
2004    ,70187,224911
3217    ,8,10
1319    ,0,3
1570    ,0,0
3318    ,0,1
1140    ,123,396
1299    ,0,0
7057    ,21,44
1152    ,46,268
6055    ,10,22
2209    ,32,85
3159    ,9,47
1329    ,0,0
0010    ,0,0
4139    ,28,102
3142    ,31,186
5018    ,2047,6662
1248    ,0,0
4260    ,0,0
2155    ,47,135
2149    ,101,312
4289    ,0,0
7041    ,19,180
5015    ,2201,7566
7004    ,533,1986
0055    ,0,0
4323    ,3,6
4135    ,8,38
8011    ,3,28
6163    ,0,48
2340    ,0,0
3076    ,373,1176
6230    ,3,7
1548    ,0,0
6105    ,4,11
1283    ,0,0
1419    ,0,1
4209    ,9,31
1405    ,0,0
2214    ,4,12
3333    ,0,2
2135    ,75,255
2305    ,0,0
4305    ,0,0
3188    ,0,0
3285    ,0,0
3228    ,0,0
1211    ,0,0
1460    ,0,6
4205    ,32,109
3227    ,0,0
1090    ,546,1724
3352    ,2,2
1197    ,22,74
4397    ,0,0
5169    ,2,16
3367    ,0,2
4364    ,0,0
5103    ,5,37
1394    ,0,0
5186    ,0,6
1050    ,2552,8911
1236    ,0,18
3017    ,11009,35498
4186    ,0,0
2015    ,19517,62174
2083    ,436,1530
5049    ,238,658
5149    ,1,13
4063    ,310,1007
5096    ,16,34
2101    ,264,1037
5044    ,282,1034
1246    ,0,1
4343    ,0,0
5118    ,20,57
1498    ,0,2
3001    ,116108,388733
1497    ,0,4
3044    ,1924,5754
4279    ,0,0
2377    ,0,0
1376    ,0,0
2299    ,0,5
2382    ,0,0
3202    ,1,9
6014    ,948,2993
2333    ,0,0
5142    ,0,0
3309    ,0,0
4246    ,8,27
1503    ,0,0
4165    ,7,21
4254    ,0,0
1513    ,0,0
1066    ,1195,4218
1161    ,45,141
2369    ,0,7
3005    ,37276,123606
1038    ,4624,14376
1259    ,0,0
1058    ,1749,5736
2125    ,100,314
1366    ,0,0
4213    ,21,34
2391    ,0,0
6190    ,22,25
6156    ,0,0
1307    ,0,0
1124    ,160,660
1176    ,31,85
4264    ,0,0
5058    ,121,323
1316    ,0,0
4013    ,8857,28997
3297    ,0,1
4082    ,124,397
6068    ,34,121
3101    ,126,541
3177    ,14,25
8020    ,0,4
1105    ,277,946
3270    ,0,0
2331    ,0,0
3209    ,0,0
6212    ,0,0
3212    ,0,2
1544    ,0,0
4197    ,0,6
2255    ,2,17
4285    ,6,18
6220    ,0,0
4054    ,463,1757
4394    ,3,22
4346    ,0,0
6023    ,366,1055
2172    ,17,57
2309    ,0,0
0020    ,0,0
2108    ,154,674
6137    ,0,0
0032    ,0,0
2054    ,1370,5126
1215    ,1,9
6028    ,359,1053
3259    ,0,0
1352    ,0,0
3051    ,1215,4152
1442    ,0,0
5003    ,10126,35092
3196    ,0,0
4025    ,2673,8159
3363    ,0,0
2292    ,0,0
6121    ,0,0
1194    ,6,37
1470    ,10,31
6164    ,0,0
4330    ,0,0
7071    ,0,0
6045    ,123,537
3255    ,0,2
1178    ,18,38
2352    ,0,0
4322    ,0,0
2402    ,0,0
1020    ,14451,49440
2196    ,10,23
3189    ,2,24
4029    ,2285,7524
1113    ,195,639
2130    ,137,436
7049    ,3,11
2285    ,1,12
2398    ,0,0
5054    ,147,530
1426    ,2,12
6125    ,0,0
1065    ,1322,4430
3282    ,0,0
6188    ,379,364
2301    ,0,0
1106    ,224,758
2028    ,7742,23328
7054    ,3,19
4002    ,33491,115136
7002    ,682,4382
7069    ,9,15
3143    ,23,101
4089    ,111,416
4173    ,9,56
2346    ,0,0
2063    ,1087,3619
4066    ,158,542
2213    ,15,31
1564    ,0,0
6097    ,4,10
1535    ,0,5
1292    ,0,0
1303    ,0,2
2068    ,815,2718
1187    ,51,158
4136    ,4,6
5115    ,2,667
1526    ,3,6
1346    ,2,5
5034    ,374,1696
1017    ,19462,62419
2005    ,60730,194628
1139    ,70,642
2244    ,0,24
2230    ,6,17
4278    ,0,0
1308    ,4,35
6171    ,0,0
5021    ,1386,4457
1561    ,0,0
3120    ,63,222
4259    ,0,0
6076    ,24,63
3205    ,0,2
3009    ,22090,73318
2116    ,173,478
0001    ,0,0
1009    ,42861,146231
1282    ,0,0
1117    ,199,610
3360    ,0,0
2148    ,110,274
1499    ,0,0
3108    ,119,342
5016    ,2690,9422
4398    ,0,0
4352    ,0,0
3089    ,208,634
0044    ,0,0
6069    ,59,138
3014    ,14437,45600
3293    ,0,0
2314    ,0,0
3042    ,2002,6086
5007    ,6142,19359
0004    ,0,0
3029    ,3918,13997
4202    ,13,28
1554    ,0,0
6012    ,1124,4022
4178    ,23,66
8027    ,3,4
1404    ,0,0
1261    ,0,0
2334    ,0,0
3332    ,4,8
1380    ,0,0
3345    ,0,0
4037    ,999,3755
6204    ,0,0
1051    ,2263,7132
4300    ,0,0
1530    ,0,0
4051    ,583,1782
7037    ,17,76
2123    ,136,530
5050    ,246,726
5150    ,3,9
1467    ,0,0
7064    ,1,2
6211    ,4,8
1095    ,597,1724
1572    ,0,0
4390    ,0,0
1107    ,337,1000
1069    ,1029,3164
4367    ,0,0
1277    ,15,89
1454    ,0,0
1385    ,0,1
6191    ,39,32
4111    ,117,364
2036    ,3777,12739
7058    ,6,22
2119    ,96,350
5143    ,0,0
1369    ,0,6
7016    ,148,519
1132    ,79,380
4146    ,7,24
5176    ,11,16
1441    ,0,10
6185    ,23,22
1289    ,0,0
1148    ,51,219
4282    ,7,39
2105    ,315,949
2359    ,0,0
4016    ,6390,20224
1032    ,5714,18311
3193    ,4,5
2205    ,36,136
3155    ,3,29
