block,sum
9003    ,0
9002    ,254
9001    ,192
9000    ,847
8029    ,0
8028    ,0
8027    ,2
8026    ,9
8025    ,0
8024    ,1
8023    ,0
8022    ,3
8021    ,1
8020    ,2
8019    ,27
8018    ,6
8017    ,1
8016    ,2
8015    ,2
8014    ,12
8013    ,46
8012    ,19
8011    ,8
8010    ,50
8009    ,65
8008    ,28
8007    ,67
8006    ,97
8005    ,146
8004    ,103
8003    ,115
8002    ,102
8001    ,452
8000    ,2773
7074    ,0
7073    ,6
7072    ,0
7071    ,0
7070    ,30
7069    ,6
7068    ,8
7067    ,13
7066    ,3
7065    ,0
7064    ,1
7063    ,0
7062    ,0
7061    ,0
7060    ,4
7059    ,0
7058    ,11
7057    ,21
7056    ,0
7055    ,9
7054    ,7
7053    ,9
7052    ,7
7051    ,8
7050    ,21
7049    ,4
7048    ,22
7047    ,14
7046    ,25
7045    ,26
7044    ,84
7043    ,45
7042    ,10
7041    ,29
7040    ,13
7039    ,21
7038    ,19
7037    ,31
7036    ,8
7035    ,18
7034    ,8
7033    ,53
7032    ,16
7031    ,28
7030    ,20
7029    ,6
7028    ,2
7027    ,18
7026    ,42
7025    ,6
7024    ,9
7023    ,31
7022    ,4
7021    ,78
7020    ,20
7019    ,27
7018    ,81
7017    ,155
7016    ,196
7015    ,157
7014    ,114
7013    ,199
7012    ,216
7011    ,309
7010    ,360
7009    ,293
7008    ,335
7007    ,382
7006    ,487
7005    ,520
7004    ,742
7003    ,488
7002    ,1031
7001    ,2426
7000    ,6135
6231    ,0
6230    ,0
6229    ,0
6228    ,0
6227    ,0
6226    ,0
6225    ,0
6224    ,0
6223    ,0
6222    ,0
6221    ,0
6220    ,0
6219    ,0
6218    ,0
6217    ,0
6216    ,0
6215    ,0
6214    ,0
6213    ,0
6212    ,0
6211    ,5
6210    ,1
6209    ,0
6208    ,0
6207    ,0
6206    ,0
6205    ,0
6204    ,0
6203    ,0
6202    ,0
6201    ,0
6200    ,0
6199    ,0
6198    ,0
6197    ,0
6196    ,0
6195    ,0
6194    ,0
6193    ,0
6192    ,0
6191    ,0
6190    ,0
6189    ,0
6188    ,1
6187    ,0
6186    ,0
6185    ,0
6184    ,0
6183    ,0
6182    ,0
6181    ,0
6180    ,0
6179    ,0
6178    ,0
6177    ,0
6176    ,0
6175    ,0
6174    ,0
6173    ,0
6172    ,0
6171    ,0
6170    ,0
6169    ,0
6168    ,0
6167    ,0
6166    ,0
6165    ,0
6164    ,0
6163    ,0
6162    ,0
6161    ,0
6160    ,0
6159    ,0
6158    ,0
6157    ,0
6156    ,0
6155    ,0
6154    ,0
6153    ,0
6152    ,0
6151    ,0
6150    ,0
6149    ,0
6148    ,0
6147    ,0
6146    ,0
6145    ,0
6144    ,0
6143    ,0
6142    ,0
6141    ,0
6140    ,0
6139    ,0
6138    ,0
6137    ,0
6136    ,0
6135    ,0
6134    ,0
6133    ,0
6132    ,0
6131    ,0
6130    ,0
6129    ,0
6128    ,0
6127    ,0
6126    ,0
6125    ,0
6124    ,1
6123    ,0
6122    ,4
6121    ,0
6120    ,25
6119    ,7
6118    ,32
6117    ,3
6116    ,2
6115    ,6
6114    ,19
6113    ,17
6112    ,7
6111    ,13
6110    ,1
6109    ,5
6108    ,14
6107    ,1
6106    ,18
6105    ,6
6104    ,18
6103    ,9
6102    ,48
6101    ,10
6100    ,9
6099    ,7
6098    ,25
6097    ,4
6096    ,53
6095    ,5
6094    ,6
6093    ,16
6092    ,33
6091    ,35
6090    ,10
6089    ,27
6088    ,21
6087    ,30
6086    ,27
6085    ,6
6084    ,47
6083    ,27
6082    ,6
6081    ,17
6080    ,25
6079    ,10
6078    ,31
6077    ,35
6076    ,28
6075    ,19
6074    ,6
6073    ,19
6072    ,69
6071    ,31
6070    ,9
6069    ,55
6068    ,24
6067    ,5
6066    ,32
6065    ,30
6064    ,24
6063    ,22
6062    ,6
6061    ,29
6060    ,40
6059    ,26
6058    ,64
6057    ,16
6056    ,38
6055    ,11
6054    ,24
6053    ,33
6052    ,22
6051    ,10
6050    ,18
6049    ,46
6048    ,113
6047    ,59
6046    ,94
6045    ,131
6044    ,131
6043    ,126
6042    ,58
6041    ,149
6040    ,92
6039    ,122
6038    ,210
6037    ,162
6036    ,127
6035    ,165
6034    ,154
6033    ,180
6032    ,318
6031    ,186
6030    ,237
6029    ,171
6028    ,454
6027    ,264
6026    ,402
6025    ,308
6024    ,320
6023    ,415
6022    ,342
6021    ,482
6020    ,768
6019    ,523
6018    ,714
6017    ,634
6016    ,889
6015    ,1038
6014    ,1202
6013    ,1120
6012    ,1124
6011    ,1588
6010    ,1660
6009    ,2065
6008    ,1764
6007    ,2146
6006    ,3073
6005    ,2537
6004    ,2326
6003    ,2831
6002    ,3026
6001    ,6763
6000    ,12870
5193    ,0
5192    ,0
5191    ,1
5190    ,0
5189    ,0
5188    ,6
5187    ,0
5186    ,2
5185    ,0
5184    ,8
5183    ,0
5182    ,6
5181    ,5
5180    ,2
5179    ,1
5178    ,0
5177    ,3
5176    ,9
5175    ,6
5174    ,2
5173    ,8
5172    ,3
5171    ,3
5170    ,0
5169    ,5
5168    ,0
5167    ,1
5166    ,3
5165    ,5
5164    ,0
5163    ,0
5162    ,0
5161    ,0
5160    ,6
5159    ,0
5158    ,2
5157    ,9
5156    ,12
5155    ,8
5154    ,5
5153    ,6
5152    ,5
5151    ,2
5150    ,5
5149    ,7
5148    ,0
5147    ,0
5146    ,0
5145    ,0
5144    ,0
5143    ,0
5142    ,0
5141    ,1
5140    ,2
5139    ,2
5138    ,5
5137    ,2
5136    ,4
5135    ,6
5134    ,0
5133    ,1
5132    ,3
5131    ,6
5130    ,8
5129    ,11
5128    ,4
5127    ,3
5126    ,9
5125    ,27
5124    ,26
5123    ,26
5122    ,21
5121    ,6
5120    ,12
5119    ,15
5118    ,27
5117    ,27
5116    ,11
5115    ,13
5114    ,26
5113    ,13
5112    ,24
5111    ,26
5110    ,21
5109    ,10
5108    ,37
5107    ,23
5106    ,1
5105    ,13
5104    ,23
5103    ,19
5102    ,29
5101    ,51
5100    ,16
5099    ,11
5098    ,65
5097    ,8
5096    ,18
5095    ,31
5094    ,22
5093    ,38
5092    ,30
5091    ,23
5090    ,104
5089    ,29
5088    ,42
5087    ,37
5086    ,22
5085    ,30
5084    ,19
5083    ,23
5082    ,20
5081    ,28
5080    ,55
5079    ,70
5078    ,107
5077    ,77
5076    ,91
5075    ,60
5074    ,55
5073    ,43
5072    ,116
5071    ,116
5070    ,131
5069    ,149
5068    ,90
5067    ,201
5066    ,221
5065    ,154
5064    ,160
5063    ,103
5062    ,67
5061    ,173
5060    ,139
5059    ,196
5058    ,147
5057    ,176
5056    ,245
5055    ,256
5054    ,227
5053    ,210
5052    ,285
5051    ,295
5050    ,327
5049    ,288
5048    ,251
5047    ,311
5046    ,350
5045    ,381
5044    ,460
5043    ,384
5042    ,432
5041    ,257
5040    ,342
5039    ,559
5038    ,327
5037    ,432
5036    ,384
5035    ,463
5034    ,725
5033    ,715
5032    ,901
5031    ,892
5030    ,823
5029    ,889
5028    ,841
5027    ,787
5026    ,957
5025    ,1035
5024    ,1127
5023    ,1745
5022    ,1542
5021    ,1710
5020    ,2163
5019    ,1976
5018    ,2548
5017    ,2529
5016    ,3465
5015    ,2818
5014    ,3687
5013    ,3725
5012    ,4450
5011    ,5132
5010    ,4935
5009    ,5903
5008    ,6023
5007    ,7029
5006    ,6890
5005    ,7953
5004    ,8545
5003    ,10477
5002    ,9544
5001    ,14661
5000    ,25537
4400    ,0
4399    ,0
4398    ,0
4397    ,0
4396    ,0
4395    ,0
4394    ,11
4393    ,0
4392    ,0
4391    ,0
4390    ,0
4389    ,0
4388    ,0
4387    ,0
4386    ,0
4385    ,0
4384    ,0
4383    ,0
4382    ,0
4381    ,0
4380    ,0
4379    ,0
4378    ,0
4377    ,0
4376    ,0
4375    ,0
4374    ,0
4373    ,0
4372    ,0
4371    ,0
4370    ,0
4369    ,0
4368    ,0
4367    ,0
4366    ,0
4365    ,0
4364    ,0
4363    ,0
4362    ,0
4361    ,0
4360    ,0
4359    ,0
4358    ,0
4357    ,0
4356    ,0
4355    ,0
4354    ,0
4353    ,0
4352    ,0
4351    ,0
4350    ,2
4349    ,0
4348    ,0
4347    ,0
4346    ,0
4345    ,0
4344    ,0
4343    ,0
4342    ,0
4341    ,1
4340    ,5
4339    ,0
4338    ,2
4337    ,0
4336    ,0
4335    ,0
4334    ,0
4333    ,0
4332    ,0
4331    ,0
4330    ,0
4329    ,0
4328    ,0
4327    ,0
4326    ,0
4325    ,0
4324    ,0
4323    ,4
4322    ,0
4321    ,4
4320    ,0
4319    ,0
4318    ,0
4317    ,0
4316    ,0
4315    ,0
4314    ,0
4313    ,10
4312    ,0
4311    ,0
4310    ,0
4309    ,0
4308    ,0
4307    ,0
4306    ,0
4305    ,0
4304    ,2
4303    ,0
4302    ,0
4301    ,0
4300    ,0
4299    ,0
4298    ,0
4297    ,0
4296    ,0
4295    ,0
4294    ,0
4293    ,0
4292    ,0
4291    ,0
4290    ,0
4289    ,0
4288    ,0
4287    ,0
4286    ,0
4285    ,10
4284    ,5
4283    ,0
4282    ,12
4281    ,0
4280    ,0
4279    ,0
4278    ,0
4277    ,0
4276    ,8
4275    ,0
4274    ,0
4273    ,0
4272    ,0
4271    ,0
4270    ,0
4269    ,0
4268    ,0
4267    ,0
4266    ,0
4265    ,0
4264    ,0
4263    ,0
4262    ,21
4261    ,0
4260    ,0
4259    ,0
4258    ,2
4257    ,7
4256    ,0
4255    ,1
4254    ,0
4253    ,0
4252    ,0
4251    ,0
4250    ,4
4249    ,3
4248    ,4
4247    ,0
4246    ,13
4245    ,1
4244    ,1
4243    ,3
4242    ,1
4241    ,7
4240    ,1
4239    ,1
4238    ,11
4237    ,0
4236    ,7
4235    ,0
4234    ,0
4233    ,1
4232    ,3
4231    ,0
4230    ,0
4229    ,0
4228    ,0
4227    ,2
4226    ,1
4225    ,10
4224    ,4
4223    ,0
4222    ,0
4221    ,2
4220    ,0
4219    ,0
4218    ,0
4217    ,0
4216    ,0
4215    ,0
4214    ,7
4213    ,15
4212    ,2
4211    ,11
4210    ,8
4209    ,13
4208    ,6
4207    ,29
4206    ,9
4205    ,52
4204    ,9
4203    ,4
4202    ,15
4201    ,0
4200    ,2
4199    ,2
4198    ,16
4197    ,3
4196    ,23
4195    ,3
4194    ,4
4193    ,12
4192    ,0
4191    ,11
4190    ,3
4189    ,7
4188    ,1
4187    ,0
4186    ,0
4185    ,1
4184    ,12
4183    ,10
4182    ,10
4181    ,2
4180    ,1
4179    ,14
4178    ,26
4177    ,5
4176    ,10
4175    ,13
4174    ,14
4173    ,24
4172    ,13
4171    ,10
4170    ,4
4169    ,14
4168    ,7
4167    ,3
4166    ,20
4165    ,10
4164    ,6
4163    ,25
4162    ,0
4161    ,14
4160    ,1
4159    ,0
4158    ,4
4157    ,0
4156    ,4
4155    ,2
4154    ,6
4153    ,18
4152    ,9
4151    ,12
4150    ,15
4149    ,5
4148    ,15
4147    ,48
4146    ,11
4145    ,27
4144    ,52
4143    ,13
4142    ,11
4141    ,14
4140    ,21
4139    ,40
4138    ,22
4137    ,8
4136    ,3
4135    ,16
4134    ,13
4133    ,31
4132    ,25
4131    ,73
4130    ,35
4129    ,35
4128    ,36
4127    ,83
4126    ,24
4125    ,68
4124    ,43
4123    ,60
4122    ,61
4121    ,67
4120    ,25
4119    ,20
4118    ,32
4117    ,44
4116    ,50
4115    ,57
4114    ,45
4113    ,47
4112    ,74
4111    ,150
4110    ,81
4109    ,91
4108    ,149
4107    ,138
4106    ,106
4105    ,55
4104    ,75
4103    ,106
4102    ,95
4101    ,162
4100    ,131
4099    ,125
4098    ,117
4097    ,132
4096    ,165
4095    ,262
4094    ,197
4093    ,266
4092    ,175
4091    ,218
4090    ,233
4089    ,150
4088    ,244
4087    ,245
4086    ,174
4085    ,227
4084    ,136
4083    ,159
4082    ,164
4081    ,133
4080    ,235
4079    ,249
4078    ,178
4077    ,324
4076    ,269
4075    ,246
4074    ,164
4073    ,298
4072    ,229
4071    ,401
4070    ,305
4069    ,336
4068    ,554
4067    ,607
4066    ,243
4065    ,352
4064    ,534
4063    ,427
4062    ,529
4061    ,406
4060    ,436
4059    ,617
4058    ,399
4057    ,516
4056    ,622
4055    ,629
4054    ,600
4053    ,608
4052    ,1170
4051    ,742
4050    ,702
4049    ,745
4048    ,826
4047    ,781
4046    ,935
4045    ,1128
4044    ,1073
4043    ,950
4042    ,1122
4041    ,961
4040    ,1559
4039    ,1160
4038    ,1348
4037    ,1191
4036    ,1728
4035    ,1892
4034    ,2153
4033    ,2084
4032    ,2204
4031    ,2338
4030    ,2479
4029    ,2783
4028    ,3255
4027    ,2966
4026    ,3090
4025    ,3105
4024    ,3401
4023    ,3908
4022    ,4202
4021    ,4844
4020    ,5191
4019    ,5653
4018    ,6890
4017    ,7130
4016    ,7355
4015    ,7657
4014    ,8246
4013    ,10705
4012    ,10256
4011    ,12450
4010    ,12950
4009    ,13162
4008    ,14365
4007    ,17077
4006    ,16980
4005    ,20015
4004    ,20520
4003    ,22315
4002    ,27158
4001    ,35965
4000    ,52026
3376    ,0
3375    ,0
3374    ,0
3373    ,0
3372    ,0
3371    ,0
3370    ,0
3369    ,0
3368    ,2
3367    ,2
3366    ,0
3365    ,0
3364    ,0
3363    ,0
3362    ,0
3361    ,4
3360    ,0
3359    ,0
3358    ,0
3357    ,4
3356    ,0
3355    ,0
3354    ,1
3353    ,4
3352    ,0
3351    ,0
3350    ,0
3349    ,3
3348    ,0
3347    ,3
3346    ,0
3345    ,0
3344    ,0
3343    ,0
3342    ,0
3341    ,0
3340    ,0
3339    ,0
3338    ,3
3337    ,0
3336    ,0
3335    ,0
3334    ,0
3333    ,2
3332    ,4
3331    ,0
3330    ,1
3329    ,0
3328    ,0
3327    ,0
3326    ,15
3325    ,7
3324    ,0
3323    ,5
3322    ,3
3321    ,0
3320    ,3
3319    ,0
3318    ,1
3317    ,0
3316    ,8
3315    ,0
3314    ,10
3313    ,1
3312    ,5
3311    ,1
3310    ,0
3309    ,0
3308    ,0
3307    ,2
3306    ,0
3305    ,0
3304    ,0
3303    ,0
3302    ,0
3301    ,0
3300    ,0
3299    ,0
3298    ,3
3297    ,1
3296    ,1
3295    ,2
3294    ,0
3293    ,0
3292    ,0
3291    ,0
3290    ,0
3289    ,0
3288    ,2
3287    ,0
3286    ,0
3285    ,0
3284    ,0
3283    ,0
3282    ,0
3281    ,0
3280    ,0
3279    ,0
3278    ,0
3277    ,1
3276    ,0
3275    ,0
3274    ,1
3273    ,0
3272    ,6
3271    ,4
3270    ,0
3269    ,0
3268    ,4
3267    ,0
3266    ,0
3265    ,0
3264    ,0
3263    ,3
3262    ,2
3261    ,2
3260    ,0
3259    ,0
3258    ,3
3257    ,0
3256    ,1
3255    ,1
3254    ,0
3253    ,0
3252    ,0
3251    ,0
3250    ,0
3249    ,3
3248    ,3
3247    ,0
3246    ,10
3245    ,4
3244    ,1
3243    ,3
3242    ,2
3241    ,0
3240    ,1
3239    ,1
3238    ,0
3237    ,5
3236    ,0
3235    ,1
3234    ,0
3233    ,7
3232    ,4
3231    ,0
3230    ,0
3229    ,0
3228    ,0
3227    ,0
3226    ,0
3225    ,2
3224    ,0
3223    ,0
3222    ,0
3221    ,0
3220    ,0
3219    ,4
3218    ,1
3217    ,4
3216    ,6
3215    ,0
3214    ,5
3213    ,3
3212    ,2
3211    ,0
3210    ,5
3209    ,0
3208    ,2
3207    ,13
3206    ,11
3205    ,2
3204    ,2
3203    ,3
3202    ,4
3201    ,5
3200    ,17
3199    ,3
3198    ,3
3197    ,2
3196    ,0
3195    ,12
3194    ,2
3193    ,2
3192    ,2
3191    ,2
3190    ,1
3189    ,12
3188    ,0
3187    ,7
3186    ,0
3185    ,10
3184    ,22
3183    ,5
3182    ,9
3181    ,7
3180    ,6
3179    ,2
3178    ,1
3177    ,12
3176    ,17
3175    ,12
3174    ,19
3173    ,16
3172    ,15
3171    ,18
3170    ,4
3169    ,10
3168    ,24
3167    ,8
3166    ,27
3165    ,13
3164    ,11
3163    ,27
3162    ,38
3161    ,23
3160    ,17
3159    ,23
3158    ,8
3157    ,22
3156    ,22
3155    ,17
3154    ,11
3153    ,34
3152    ,21
3151    ,13
3150    ,17
3149    ,28
3148    ,66
3147    ,62
3146    ,33
3145    ,33
3144    ,67
3143    ,52
3142    ,85
3141    ,68
3140    ,69
3139    ,60
3138    ,74
3137    ,33
3136    ,84
3135    ,66
3134    ,41
3133    ,49
3132    ,76
3131    ,57
3130    ,59
3129    ,78
3128    ,62
3127    ,109
3126    ,79
3125    ,34
3124    ,37
3123    ,90
3122    ,85
3121    ,85
3120    ,101
3119    ,85
3118    ,73
3117    ,177
3116    ,101
3115    ,116
3114    ,76
3113    ,102
3112    ,165
3111    ,173
3110    ,111
3109    ,102
3108    ,156
3107    ,218
3106    ,189
3105    ,150
3104    ,212
3103    ,210
3102    ,268
3101    ,248
3100    ,201
3099    ,162
3098    ,252
3097    ,192
3096    ,196
3095    ,273
3094    ,230
3093    ,287
3092    ,309
3091    ,279
3090    ,302
3089    ,298
3088    ,262
3087    ,378
3086    ,284
3085    ,282
3084    ,325
3083    ,389
3082    ,281
3081    ,285
3080    ,402
3079    ,510
3078    ,531
3077    ,450
3076    ,505
3075    ,544
3074    ,590
3073    ,648
3072    ,645
3071    ,826
3070    ,622
3069    ,589
3068    ,888
3067    ,1005
3066    ,814
3065    ,975
3064    ,790
3063    ,929
3062    ,737
3061    ,837
3060    ,1053
3059    ,1185
3058    ,1203
3057    ,1158
3056    ,1124
3055    ,1478
3054    ,1172
3053    ,1393
3052    ,1380
3051    ,1769
3050    ,1713
3049    ,1919
3048    ,1671
3047    ,1900
3046    ,1994
3045    ,1972
3044    ,2371
3043    ,2351
3042    ,2488
3041    ,2498
3040    ,2770
3039    ,2631
3038    ,3043
3037    ,3213
3036    ,3726
3035    ,3534
3034    ,3823
3033    ,4255
3032    ,3895
3031    ,4723
3030    ,5042
3029    ,5253
3028    ,5851
3027    ,5580
3026    ,6403
3025    ,7454
3024    ,7727
3023    ,7874
3022    ,9338
3021    ,8995
3020    ,10906
3019    ,12204
3018    ,13490
3017    ,13043
3016    ,14030
3015    ,14662
3014    ,16385
3013    ,17865
3012    ,19760
3011    ,23242
3010    ,23657
3009    ,24977
3008    ,28175
3007    ,30774
3006    ,33082
3005    ,35762
3004    ,37660
3003    ,44392
3002    ,51306
3001    ,65596
3000    ,89940
2403    ,0
2402    ,0
2401    ,0
2400    ,0
2399    ,0
2398    ,0
2397    ,0
2396    ,0
2395    ,0
2394    ,0
2393    ,0
2392    ,0
2391    ,0
2390    ,0
2389    ,0
2388    ,2
2387    ,0
2386    ,0
2385    ,0
2384    ,0
2383    ,0
2382    ,0
2381    ,0
2380    ,0
2379    ,0
2378    ,0
2377    ,0
2376    ,0
2375    ,0
2374    ,0
2373    ,2
2372    ,1
2371    ,3
2370    ,2
2369    ,4
2368    ,0
2367    ,0
2366    ,0
2365    ,8
2364    ,0
2363    ,0
2362    ,0
2361    ,0
2360    ,0
2359    ,0
2358    ,0
2357    ,0
2356    ,0
2355    ,0
2354    ,0
2353    ,0
2352    ,0
2351    ,0
2350    ,0
2349    ,0
2348    ,0
2347    ,0
2346    ,0
2345    ,0
2344    ,0
2343    ,0
2342    ,0
2341    ,0
2340    ,0
2339    ,0
2338    ,0
2337    ,0
2336    ,0
2335    ,0
2334    ,0
2333    ,0
2332    ,0
2331    ,0
2330    ,0
2329    ,0
2328    ,0
2327    ,0
2326    ,0
2325    ,0
2324    ,3
2323    ,2
2322    ,0
2321    ,2
2320    ,0
2319    ,0
2318    ,0
2317    ,0
2316    ,0
2315    ,0
2314    ,0
2313    ,0
2312    ,0
2311    ,0
2310    ,0
2309    ,0
2308    ,0
2307    ,0
2306    ,0
2305    ,0
2304    ,3
2303    ,0
2302    ,0
2301    ,0
2300    ,0
2299    ,4
2298    ,5
2297    ,0
2296    ,1
2295    ,0
2294    ,2
2293    ,0
2292    ,0
2291    ,0
2290    ,3
2289    ,2
2288    ,3
2287    ,0
2286    ,1
2285    ,5
2284    ,2
2283    ,11
2282    ,13
2281    ,5
2280    ,20
2279    ,11
2278    ,8
2277    ,1
2276    ,11
2275    ,10
2274    ,0
2273    ,9
2272    ,7
2271    ,15
2270    ,1
2269    ,4
2268    ,8
2267    ,8
2266    ,14
2265    ,0
2264    ,10
2263    ,10
2262    ,33
2261    ,10
2260    ,6
2259    ,1
2258    ,34
2257    ,34
2256    ,27
2255    ,9
2254    ,18
2253    ,11
2252    ,9
2251    ,2
2250    ,6
2249    ,25
2248    ,31
2247    ,46
2246    ,66
2245    ,15
2244    ,11
2243    ,5
2242    ,7
2241    ,10
2240    ,12
2239    ,21
2238    ,4
2237    ,25
2236    ,7
2235    ,0
2234    ,8
2233    ,10
2232    ,9
2231    ,2
2230    ,9
2229    ,0
2228    ,8
2227    ,4
2226    ,3
2225    ,25
2224    ,23
2223    ,12
2222    ,38
2221    ,58
2220    ,16
2219    ,9
2218    ,4
2217    ,10
2216    ,4
2215    ,3
2214    ,5
2213    ,14
2212    ,11
2211    ,14
2210    ,14
2209    ,38
2208    ,12
2207    ,17
2206    ,47
2205    ,65
2204    ,26
2203    ,33
2202    ,96
2201    ,45
2200    ,8
2199    ,29
2198    ,17
2197    ,14
2196    ,12
2195    ,12
2194    ,19
2193    ,24
2192    ,82
2191    ,12
2190    ,6
2189    ,39
2188    ,41
2187    ,31
2186    ,11
2185    ,26
2184    ,28
2183    ,9
2182    ,24
2181    ,36
2180    ,17
2179    ,34
2178    ,20
2177    ,32
2176    ,23
2175    ,23
2174    ,20
2173    ,36
2172    ,27
2171    ,18
2170    ,70
2169    ,24
2168    ,28
2167    ,39
2166    ,15
2165    ,34
2164    ,29
2163    ,52
2162    ,44
2161    ,27
2160    ,59
2159    ,31
2158    ,57
2157    ,78
2156    ,59
2155    ,66
2154    ,70
2153    ,87
2152    ,96
2151    ,46
2150    ,59
2149    ,124
2148    ,118
2147    ,138
2146    ,102
2145    ,152
2144    ,110
2143    ,122
2142    ,70
2141    ,146
2140    ,101
2139    ,89
2138    ,106
2137    ,104
2136    ,150
2135    ,111
2134    ,179
2133    ,137
2132    ,112
2131    ,125
2130    ,203
2129    ,144
2128    ,151
2127    ,133
2126    ,152
2125    ,130
2124    ,161
2123    ,171
2122    ,137
2121    ,141
2120    ,241
2119    ,154
2118    ,209
2117    ,170
2116    ,200
2115    ,165
2114    ,201
2113    ,275
2112    ,338
2111    ,368
2110    ,187
2109    ,239
2108    ,203
2107    ,243
2106    ,369
2105    ,400
2104    ,349
2103    ,348
2102    ,248
2101    ,399
2100    ,353
2099    ,368
2098    ,458
2097    ,341
2096    ,457
2095    ,404
2094    ,436
2093    ,505
2092    ,578
2091    ,477
2090    ,432
2089    ,532
2088    ,477
2087    ,462
2086    ,610
2085    ,524
2084    ,705
2083    ,638
2082    ,604
2081    ,735
2080    ,747
2079    ,806
2078    ,926
2077    ,917
2076    ,911
2075    ,866
2074    ,1047
2073    ,918
2072    ,1068
2071    ,914
2070    ,991
2069    ,1228
2068    ,1103
2067    ,1400
2066    ,1227
2065    ,1303
2064    ,1424
2063    ,1399
2062    ,1318
2061    ,1570
2060    ,1740
2059    ,1707
2058    ,1470
2057    ,1850
2056    ,1527
2055    ,1838
2054    ,1887
2053    ,1858
2052    ,2082
2051    ,2294
2050    ,2378
2049    ,2631
2048    ,3093
2047    ,2876
2046    ,3135
2045    ,3009
2044    ,3427
2043    ,3393
2042    ,3440
2041    ,3786
2040    ,3781
2039    ,4306
2038    ,4560
2037    ,4739
2036    ,5039
2035    ,4937
2034    ,5644
2033    ,5496
2032    ,5986
2031    ,6952
2030    ,7478
2029    ,8124
2028    ,8942
2027    ,9226
2026    ,10237
2025    ,10858
2024    ,10739
2023    ,11614
2022    ,13366
2021    ,13691
2020    ,15870
2019    ,16045
2018    ,17866
2017    ,17973
2016    ,21520
2015    ,23371
2014    ,25765
2013    ,27527
2012    ,28785
2011    ,32884
2010    ,33886
2009    ,35407
2008    ,39209
2007    ,42894
2006    ,45876
2005    ,55227
2004    ,58907
2003    ,69343
2002    ,84240
2001    ,102304
2000    ,123319
1584    ,0
1583    ,0
1582    ,0
1581    ,0
1580    ,0
1579    ,0
1578    ,0
1577    ,0
1576    ,0
1575    ,0
1574    ,0
1573    ,0
1572    ,0
1571    ,0
1570    ,0
1569    ,0
1568    ,0
1567    ,0
1566    ,1
1565    ,0
1564    ,0
1563    ,0
1562    ,0
1561    ,0
1560    ,0
1559    ,0
1558    ,0
1557    ,0
1556    ,0
1555    ,0
1554    ,0
1553    ,0
1552    ,0
1551    ,0
1550    ,0
1549    ,0
1548    ,0
1547    ,0
1546    ,0
1545    ,0
1544    ,0
1543    ,0
1542    ,0
1541    ,0
1540    ,0
1539    ,0
1538    ,0
1537    ,2
1536    ,0
1535    ,3
1534    ,0
1533    ,0
1532    ,0
1531    ,1
1530    ,0
1529    ,0
1528    ,0
1527    ,0
1526    ,2
1525    ,0
1524    ,0
1523    ,1
1522    ,7
1521    ,0
1520    ,0
1519    ,0
1518    ,0
1517    ,3
1516    ,0
1515    ,0
1514    ,0
1513    ,0
1512    ,0
1511    ,0
1510    ,1
1509    ,0
1508    ,0
1507    ,0
1506    ,0
1505    ,0
1504    ,0
1503    ,0
1502    ,2
1501    ,0
1500    ,0
1499    ,0
1498    ,1
1497    ,2
1496    ,0
1495    ,0
1494    ,0
1493    ,0
1492    ,0
1491    ,0
1490    ,0
1489    ,0
1488    ,2
1487    ,0
1486    ,0
1485    ,1
1484    ,4
1483    ,0
1482    ,0
1481    ,0
1480    ,0
1479    ,1
1478    ,0
1477    ,0
1476    ,0
1475    ,0
1474    ,0
1473    ,2
1472    ,3
1471    ,5
1470    ,14
1469    ,4
1468    ,1
1467    ,0
1466    ,3
1465    ,0
1464    ,21
1463    ,0
1462    ,0
1461    ,0
1460    ,3
1459    ,0
1458    ,0
1457    ,0
1456    ,0
1455    ,0
1454    ,0
1453    ,0
1452    ,0
1451    ,0
1450    ,0
1449    ,3
1448    ,1
1447    ,0
1446    ,1
1445    ,0
1444    ,0
1443    ,1
1442    ,0
1441    ,6
1440    ,4
1439    ,0
1438    ,44
1437    ,3
1436    ,0
1435    ,0
1434    ,0
1433    ,0
1432    ,0
1431    ,3
1430    ,0
1429    ,0
1428    ,0
1427    ,2
1426    ,5
1425    ,0
1424    ,0
1423    ,2
1422    ,0
1421    ,0
1420    ,1
1419    ,1
1418    ,0
1417    ,0
1416    ,0
1415    ,0
1414    ,0
1413    ,0
1412    ,0
1411    ,0
1410    ,0
1409    ,0
1408    ,0
1407    ,0
1406    ,0
1405    ,0
1404    ,0
1403    ,0
1402    ,0
1401    ,0
1400    ,0
1399    ,0
1398    ,0
1397    ,0
1396    ,0
1395    ,0
1394    ,0
1393    ,0
1392    ,0
1391    ,0
1390    ,0
1389    ,0
1388    ,0
1387    ,0
1386    ,0
1385    ,1
1384    ,0
1383    ,0
1382    ,0
1381    ,0
1380    ,0
1379    ,0
1378    ,0
1377    ,0
1376    ,0
1375    ,1
1374    ,0
1373    ,0
1372    ,4
1371    ,0
1370    ,0
1369    ,2
1368    ,4
1367    ,0
1366    ,0
1365    ,0
1364    ,0
1363    ,5
1362    ,7
1361    ,3
1360    ,0
1359    ,0
1358    ,0
1357    ,6
1356    ,14
1355    ,2
1354    ,0
1353    ,13
1352    ,0
1351    ,0
1350    ,0
1349    ,0
1348    ,0
1347    ,0
1346    ,3
1345    ,0
1344    ,5
1343    ,6
1342    ,0
1341    ,0
1340    ,18
1339    ,2
1338    ,28
1337    ,8
1336    ,0
1335    ,2
1334    ,0
1333    ,0
1332    ,0
1331    ,0
1330    ,0
1329    ,0
1328    ,1
1327    ,0
1326    ,0
1325    ,4
1324    ,0
1323    ,22
1322    ,4
1321    ,4
1320    ,0
1319    ,1
1318    ,1
1317    ,1
1316    ,0
1315    ,0
1314    ,1
1313    ,2
1312    ,1
1311    ,0
1310    ,1
1309    ,0
1308    ,16
1307    ,0
1306    ,1
1305    ,3
1304    ,0
1303    ,1
1302    ,0
1301    ,0
1300    ,0
1299    ,0
1298    ,2
1297    ,0
1296    ,0
1295    ,0
1294    ,0
1293    ,0
1292    ,0
1291    ,4
1290    ,0
1289    ,0
1288    ,0
1287    ,1
1286    ,0
1285    ,4
1284    ,0
1283    ,0
1282    ,0
1281    ,0
1280    ,0
1279    ,1
1278    ,10
1277    ,35
1276    ,0
1275    ,1
1274    ,1
1273    ,1
1272    ,7
1271    ,0
1270    ,0
1269    ,1
1268    ,9
1267    ,2
1266    ,0
1265    ,2
1264    ,0
1263    ,0
1262    ,0
1261    ,0
1260    ,0
1259    ,0
1258    ,1
1257    ,1
1256    ,0
1255    ,1
1254    ,0
1253    ,5
1252    ,7
1251    ,0
1250    ,24
1249    ,0
1248    ,0
1247    ,0
1246    ,1
1245    ,0
1244    ,0
1243    ,0
1242    ,1
1241    ,2
1240    ,0
1239    ,13
1238    ,4
1237    ,6
1236    ,10
1235    ,33
1234    ,2
1233    ,16
1232    ,1
1231    ,4
1230    ,5
1229    ,5
1228    ,6
1227    ,3
1226    ,7
1225    ,6
1224    ,4
1223    ,4
1222    ,4
1221    ,21
1220    ,3
1219    ,6
1218    ,12
1217    ,6
1216    ,1
1215    ,5
1214    ,6
1213    ,13
1212    ,2
1211    ,0
1210    ,0
1209    ,8
1208    ,22
1207    ,15
1206    ,21
1205    ,3
1204    ,17
1203    ,10
1202    ,9
1201    ,11
1200    ,39
1199    ,22
1198    ,2
1197    ,27
1196    ,28
1195    ,46
1194    ,12
1193    ,24
1192    ,39
1191    ,29
1190    ,40
1189    ,34
1188    ,39
1187    ,66
1186    ,23
1185    ,13
1184    ,35
1183    ,30
1182    ,58
1181    ,26
1180    ,74
1179    ,55
1178    ,15
1177    ,67
1176    ,39
1175    ,48
1174    ,73
1173    ,31
1172    ,30
1171    ,118
1170    ,91
1169    ,50
1168    ,24
1167    ,24
1166    ,39
1165    ,88
1164    ,39
1163    ,44
1162    ,57
1161    ,68
1160    ,63
1159    ,32
1158    ,47
1157    ,61
1156    ,32
1155    ,76
1154    ,66
1153    ,86
1152    ,96
1151    ,242
1150    ,54
1149    ,74
1148    ,98
1147    ,86
1146    ,83
1145    ,107
1144    ,115
1143    ,113
1142    ,114
1141    ,128
1140    ,154
1139    ,110
1138    ,190
1137    ,102
1136    ,143
1135    ,173
1134    ,137
1133    ,166
1132    ,161
1131    ,190
1130    ,205
1129    ,245
1128    ,135
1127    ,372
1126    ,173
1125    ,257
1124    ,224
1123    ,227
1122    ,205
1121    ,222
1120    ,229
1119    ,218
1118    ,167
1117    ,277
1116    ,240
1115    ,291
1114    ,247
1113    ,254
1112    ,380
1111    ,344
1110    ,452
1109    ,422
1108    ,424
1107    ,427
1106    ,335
1105    ,394
1104    ,423
1103    ,412
1102    ,358
1101    ,568
1100    ,586
1099    ,522
1098    ,627
1097    ,581
1096    ,629
1095    ,684
1094    ,705
1093    ,766
1092    ,708
1091    ,694
1090    ,771
1089    ,755
1088    ,838
1087    ,962
1086    ,805
1085    ,929
1084    ,932
1083    ,1247
1082    ,1011
1081    ,1128
1080    ,1143
1079    ,1023
1078    ,1105
1077    ,1144
1076    ,1053
1075    ,1109
1074    ,1372
1073    ,1400
1072    ,1608
1071    ,1502
1070    ,1495
1069    ,1324
1068    ,1748
1067    ,1882
1066    ,1609
1065    ,1703
1064    ,1861
1063    ,1712
1062    ,1842
1061    ,2123
1060    ,2112
1059    ,2087
1058    ,2182
1057    ,2502
1056    ,2294
1055    ,2480
1054    ,2522
1053    ,2613
1052    ,2801
1051    ,2885
1050    ,3567
1049    ,3195
1048    ,3416
1047    ,3674
1046    ,3724
1045    ,3424
1044    ,3958
1043    ,4502
1042    ,3872
1041    ,4754
1040    ,5257
1039    ,5543
1038    ,5444
1037    ,5460
1036    ,5614
1035    ,7140
1034    ,6914
1033    ,6885
1032    ,7064
1031    ,8162
1030    ,8454
1029    ,8420
1028    ,9682
1027    ,9773
1026    ,10477
1025    ,12074
1024    ,12676
1023    ,14383
1022    ,15764
1021    ,15756
1020    ,16763
1019    ,19330
1018    ,19986
1017    ,22811
1016    ,23266
1015    ,25599
1014    ,27976
1013    ,29241
1012    ,32470
1011    ,35521
1010    ,38495
1009    ,41597
1008    ,43374
1007    ,48033
1006    ,51296
1005    ,57575
1004    ,62234
1003    ,73845
1002    ,86377
1001    ,101404
1000    ,123077
0066    ,0
0065    ,0
0064    ,0
0063    ,0
0062    ,0
0061    ,0
0060    ,0
0059    ,0
0058    ,0
0057    ,0
0056    ,0
0055    ,0
0054    ,0
0053    ,0
0052    ,0
0051    ,0
0050    ,0
0049    ,0
0048    ,0
0047    ,0
0046    ,0
0045    ,0
0044    ,0
0043    ,0
0042    ,0
0041    ,0
0040    ,0
0039    ,0
0038    ,0
0037    ,0
0036    ,0
0035    ,0
0034    ,0
0033    ,0
0032    ,0
0031    ,0
0030    ,0
0029    ,0
0028    ,0
0027    ,0
0026    ,0
0025    ,0
0024    ,0
0023    ,0
0022    ,0
0021    ,0
0020    ,0
0019    ,0
0018    ,0
0017    ,0
0016    ,0
0015    ,0
0014    ,0
0013    ,0
0012    ,0
0011    ,0
0010    ,0
0009    ,0
0008    ,0
0007    ,0
0006    ,0
0005    ,0
0004    ,0
0003    ,0
0002    ,0
0001    ,0
